time,ReferenceRate,ReferenceRateBTC,ReferenceRateETH,ReferenceRateEUR,ReferenceRateUSD,principal_market_price_usd,principal_market_usd
2021-04-07,0.199922473407364,0.00000344195036123887,0.0000944410951021345,0.168690284838352,0.199922473407364,,
2021-04-08,0.171587435389831,0.00000304953062274126,0.0000864247091942869,0.144824957489608,0.171587435389831,,
2021-04-09,0.158728692880888,0.00000273843226228338,0.0000763651055476314,0.133296195507289,0.158728692880888,,
2021-04-10,0.199785076306254,0.00000344149888837835,0.0000966988832716337,0.168175118635624,0.199785076306254,,
2021-04-11,0.199785076306254,0.0000033492012563722,0.0000937875417445231,0.167663372523866,0.199785076306254,,
2021-04-12,0.199785076306254,0.00000333347750809992,0.0000931671675764884,0.167831643713897,0.199785076306254,,
2021-04-13,0.199785076306254,0.00000333497960965737,0.0000932342644321045,0.167468036031888,0.199785076306254,,
2021-04-14,0.165516913418118,0.00000260879893110725,0.0000720299020363625,0.138457495010779,0.165516913418118,,
2021-04-15,0.168397623864757,0.00000267852672097105,0.0000692909098038678,0.140669975249405,0.168397623864757,,
2021-04-16,0.150641703974284,0.00000238239654084675,0.0000597883651748446,0.125904780131839,0.150641703974284,,
2021-04-17,0.128260750010076,0.0000020831320049511,0.0000528180038478464,0.107133461830438,0.128260750010076,,
2021-04-18,0.128260750010076,0.00000212771874177833,0.0000547617226714246,0.1079137219323,0.128260750010076,,
2021-04-19,0.128260750010076,0.00000227454788797273,0.0000571703801658961,0.107560166772583,0.128260750010076,,
2021-04-20,0.123402068233314,0.00000221158043435563,0.0000569033666850108,0.102716255795946,0.123402068233314,,
2021-04-21,0.109692789175581,0.00000194234626920208,0.0000471086744733098,0.0912286614928067,0.109692789175581,,
2021-04-22,0.116808656667218,0.00000216209028995682,0.0000494115449028505,0.0971564842112919,0.116808656667218,,
2021-04-23,0.116808656667218,0.0000022514267377501,0.0000482739200523366,0.0972189743986788,0.116808656667218,,
2021-04-24,0.111772812409351,0.00000219356313799827,0.0000474191268010858,0.092618009716943,0.111772812409351,,
2021-04-25,0.132490495405798,0.00000263505630971404,0.0000592378134250056,0.109971631795377,0.132490495405798,,
2021-04-26,0.100100227761543,0.00000204507628551198,0.0000435113093888847,0.0828736021351784,0.100100227761543,,
2021-04-27,0.100100227761543,0.00000185565464142793,0.0000396270366431253,0.0828751827076555,0.100100227761543,,
2021-04-28,0.112508826131327,0.00000204461015100735,0.0000425147294327219,0.0931015816680453,0.112508826131327,,
2021-04-29,0.117134439496201,0.0000021379821823969,0.0000427461972223931,0.0965502888179659,0.117134439496201,,
2021-04-30,0.117134439496201,0.00000218668698920538,0.0000424322156981862,0.0966724803292112,0.117134439496201,,
2021-05-01,0.117134439496201,0.00000202860251730467,0.0000422823736990992,0.0972789241790071,0.117134439496201,,
2021-05-02,0.121057947995655,0.00000209212645074332,0.0000410460729236855,0.100440948449274,0.121057947995655,,
2021-05-03,0.116689177715663,0.0000020626448887182,0.0000395224707098928,0.0970618588909222,0.116689177715663,,
2021-05-04,0.131662061975453,0.00000230005356603582,0.0000383781872858007,0.109160911002567,0.131662061975453,,
2021-05-05,0.118138670476885,0.00000219898799329351,0.0000360740712936942,0.0984115395836516,0.118138670476885,,
2021-05-06,0.112811396381824,0.0000019673423650495,0.0000319948453777107,0.0937042648121456,0.112811396381824,,
2021-05-07,0.112811396381824,0.0000019956957196247,0.0000322268268177764,0.0935171346681472,0.112811396381824,,
2021-05-08,0.112811396381824,0.00000196737520631442,0.0000323925650601678,0.0930137379645854,0.112811396381824,,
2021-05-09,0.112811396381824,0.00000192064755144591,0.0000290244813963906,0.0928212357525097,0.112811396381824,,
2021-05-10,0.101660090432262,0.00000174408708646363,0.0000259596468268943,0.083576108286482,0.101660090432262,,
2021-05-11,0.101660090432262,0.00000181851102513313,0.0000257088545193507,0.0838696966216476,0.101660090432262,,
2021-05-12,0.101660090432262,0.00000179573069495447,0.0000244623840021662,0.0838042046486158,0.101660090432262,,
2021-05-13,0.101660090432262,0.00000199441619423386,0.0000255716343489656,0.0844369472766344,0.101660090432262,,
2021-05-14,0.119239488831874,0.00000241528935138926,0.0000323391223218646,0.0988453661253277,0.119239488831874,,
2021-05-15,0.119239488831874,0.00000238491398767482,0.0000291773812441211,0.098400744688953,0.119239488831874,,
2021-05-16,0.119239488831874,0.00000253442402995343,0.0000324673071416944,0.0983485468379636,0.119239488831874,,
2021-05-17,0.119239488831874,0.00000259089530604035,0.0000334393546751179,0.0980229091001698,0.119239488831874,,
2021-05-18,0.104114951648627,0.00000239386565149075,0.0000317420702914261,0.0856604142802843,0.104114951648627,,
2021-05-19,0.110691079467779,0.00000258685610055647,0.0000328631842339699,0.0908340577204861,0.110691079467779,,
2021-05-20,0.0802116031009475,0.00000213087761120168,0.0000316324710657578,0.0660454568414051,0.0802116031009475,,
2021-05-21,0.114951508692227,0.00000281748022376501,0.0000413803472456442,0.0943580398519344,0.114951508692227,,
2021-05-22,0.114951508692227,0.00000309222803172077,0.0000476189943293746,0.0946366297553315,0.114951508692227,,
2021-05-23,0.106906274702214,0.00000283997243807432,0.0000460635689177109,0.0880256994039868,0.106906274702214,,
2021-05-24,0.106906274702214,0.00000307429797090627,0.0000507723935621963,0.0878793383534847,0.106906274702214,,
2021-05-25,0.106906274702214,0.00000276741243857595,0.0000407080795331375,0.0877395554845244,0.106906274702214,,
2021-05-26,0.113053256335254,0.00000295411373416448,0.0000419245818261771,0.0923081187500051,0.113053256335254,,
2021-05-27,0.0968424717746581,0.00000247079526492613,0.0000337580829005315,0.0794638126335432,0.0968424717746581,,
2021-05-28,0.0955469093091759,0.00000248103824865537,0.0000348316840947607,0.0784578240315216,0.0955469093091759,,
2021-05-29,0.0781614488609001,0.00000219574874763571,0.0000323609289539433,0.064178839943701,0.0781614488609001,,
2021-05-30,0.0781614488609001,0.00000225367217006096,0.0000341486646922967,0.0643234099835743,0.0781614488609001,,
2021-05-31,0.0643497721835184,0.00000180493289477265,0.0000269053170826725,0.0528573032242289,0.0643497721835184,,
2021-06-01,0.0781507643609585,0.00000209446618975432,0.0000289531512178032,0.0639000740198417,0.0781507643609585,,
2021-06-02,0.0781507643609585,0.00000213169194317845,0.0000297580985031422,0.0639822517388437,0.0781507643609585,,
2021-06-03,0.0781507643609585,0.00000207629900494059,0.0000288043344902705,0.0640165216239006,0.0781507643609585,,
2021-06-04,0.0781507643609585,0.00000199567068911458,0.0000273388151787862,0.0644431151880879,0.0781507643609585,,
2021-06-05,0.0781507643609585,0.00000211880416632423,0.0000290601347486292,0.064382038939136,0.0781507643609585,,
2021-06-06,0.0781507643609585,0.00000220705223079034,0.0000300006327256952,0.0644027456922648,0.0781507643609585,,
2021-06-07,0.0781507643609585,0.0000021878343262351,0.0000288794968738235,0.0643471356276958,0.0781507643609585,,
2021-06-08,0.0781507643609585,0.00000231730105642254,0.0000300561469464774,0.0642517343149461,0.0781507643609585,,
2021-06-09,0.0581378262919345,0.00000173675104777012,0.0000230791965523996,0.0477943280563789,0.0581378262919345,,
2021-06-10,0.0568388547188779,0.00000152085386796291,0.0000218138533187447,0.046684883957824,0.0568388547188779,,
2021-06-11,0.0568388547188779,0.00000154344352616674,0.0000229061398826334,0.0467200206113815,0.0568388547188779,,
2021-06-12,0.0568388547188779,0.00000152852639005376,0.0000242379928229963,0.046945514035643,0.0568388547188779,,
2021-06-13,0.0519198408149036,0.00000145559425546652,0.0000218073593930238,0.043006486148168,0.0519198408149036,,
2021-06-14,0.0477066375205143,0.00000122559084064707,0.0000190472546023607,0.0393764914005691,0.0477066375205143,,
2021-06-15,0.0477066375205143,0.00000117923457462243,0.0000185121495196983,0.0393723689298879,0.0477066375205143,,
2021-06-16,0.0631183358790181,0.00000156797621088159,0.0000247257105122372,0.052102798067225,0.0631183358790181,,
2021-06-17,0.0575193949315264,0.00000150316418533798,0.0000243623082879529,0.0479732825714839,0.0575193949315264,,
2021-06-18,0.0493956387901578,0.00000129924780548529,0.0000208562221937726,0.0414907250426241,0.0493956387901578,,
2021-06-19,0.0493956387901578,0.0000013830768651311,0.0000222045252200794,0.0417149239468413,0.0493956387901578,,
2021-06-20,0.0447811509066336,0.00000125945496214328,0.0000205913572022097,0.037864112869945,0.0447811509066336,,
2021-06-21,0.0390950099678551,0.00000109817623021286,0.0000174324015792468,0.0329572516775537,0.0390950099678551,,
2021-06-22,0.0338156012617066,0.00000106622830874568,0.0000177940035957918,0.0283712912354473,0.0338156012617066,,
2021-06-23,0.0387508004423144,0.00000119621336766623,0.000020748718479608,0.0325093227454965,0.0387508004423144,,
2021-06-24,0.0265516441197781,0.0000007899807095243,0.0000135321890855293,0.0222577831925899,0.0265516441197781,,
2021-06-25,0.0395059304944477,0.00000113984712229681,0.0000198855480782462,0.033103160340872,0.0395059304944477,,
2021-06-26,0.0395059304944477,0.00000124689275186794,0.0000217322639779325,0.0331729189763636,0.0395059304944477,,
2021-06-27,0.0395059304944477,0.00000123879249035985,0.0000219236684946706,0.0330991662094389,0.0395059304944477,,
2021-06-28,0.0395059304944477,0.0000011448840239444,0.0000201096918872831,0.0331001980314881,0.0395059304944477,,
2021-06-29,0.0395059304944477,0.00000114922369737551,0.0000189998278785095,0.0331205094098117,0.0395059304944477,,
2021-06-30,0.0558820052781414,0.00000155513859242135,0.0000257521920782397,0.0469613111427237,0.0558820052781414,,
2021-07-01,0.0558820052781414,0.00000159364786521698,0.0000245930406369871,0.0471227239283629,0.0558820052781414,,
2021-07-02,0.0558820052781414,0.00000166786661768986,0.0000264272987187054,0.047184256102671,0.0558820052781414,,
2021-07-03,0.0558820052781414,0.00000165414837908742,0.0000259916336897937,0.0471021905435014,0.0558820052781414,,
2021-07-04,0.0558820052781414,0.00000161563672095316,0.0000252186126465582,0.0470750126714893,0.0558820052781414,,
2021-07-05,0.058076605456429,0.00000164264197181387,0.0000249693316755671,0.0489136115849246,0.058076605456429,,
2021-07-06,0.058076605456429,0.00000171258041473411,0.0000261767626417353,0.0489851674311748,0.058076605456429,,
2021-07-07,0.058076605456429,0.00000170192934082286,0.0000250534660470971,0.0491175823629057,0.058076605456429,,
2021-07-08,0.058076605456429,0.00000171157780816878,0.0000250645713001106,0.0492658600907474,0.058076605456429,,
2021-07-09,0.058076605456429,0.00000176956757888366,0.0000274085320613988,0.0490578792249676,0.058076605456429,,
2021-07-10,0.058076605456429,0.00000171242250059269,0.0000269650448546721,0.0489329709278007,0.058076605456429,,
2021-07-11,0.058076605456429,0.00000172790750177506,0.0000274326172256871,0.048978070055808,0.058076605456429,,
2021-07-12,0.0448499997856166,0.00000130916638253514,0.0000209560549734055,0.0377842162292508,0.0448499997856166,,
2021-07-13,0.0448499997856166,0.00000135354400086573,0.0000220606534763528,0.0378489137632495,0.0448499997856166,,
2021-07-14,0.0448499997856166,0.00000137399769668292,0.00002312284417442,0.0382493309100228,0.0448499997856166,,
2021-07-15,0.0448499997856166,0.00000136744956156601,0.0000225100651461397,0.0380676357706676,0.0448499997856166,,
2021-07-16,0.0448499997856166,0.0000014144833550957,0.000023446391514314,0.0381307262262022,0.0448499997856166,,
2021-07-17,0.0448499997856166,0.00000142581391344414,0.0000238804209551613,0.0380321065246194,0.0448499997856166,,
2021-07-18,0.0448499997856166,0.00000142164540266656,0.0000236430156734317,0.0381508290229498,0.0448499997856166,,
2021-07-19,0.0448499997856166,0.00000141448273876736,0.0000236964558987242,0.0381287347443461,0.0448499997856166,,
2021-07-20,0.0448499997856166,0.00000145223318992812,0.0000246129828651585,0.0382224985079189,0.0448499997856166,,
2021-07-21,0.0526728466792661,0.00000176952505644916,0.000029503077869034,0.044860629498752,0.0526728466792661,,
2021-07-22,0.0526728466792661,0.00000163989442069459,0.0000265288632406819,0.0448033788278141,0.0526728466792661,,
2021-07-23,0.0558592322591438,0.00000172901535115367,0.000027640465032754,0.0479146480464732,0.0558592322591438,,
2021-07-24,0.0558592322591438,0.0000016704517828354,0.000026439533410973,0.047469378290248,0.0558592322591438,,
2021-07-25,0.0479916925175506,0.00000140462470792944,0.0000220212257164859,0.0407757538846321,0.0479916925175506,,
2021-07-26,0.0479916925175506,0.00000136650848552916,0.0000219396116941913,0.0407440489819754,0.0479916925175506,,
2021-07-27,0.0479916925175506,0.00000128166567677197,0.0000214137808435684,0.040688660278697,0.0479916925175506,,
2021-07-28,0.0563422180149153,0.00000144,0.0000246441718996182,0.0476920072334539,0.0563422180149153,,
2021-07-29,0.0335489229963296,0.00000084,0.0000146053396609948,0.0283257030324207,0.0335489229963296,,
2021-07-30,0.048363620342256,0.00000120649159309887,0.0000202828891517744,0.0407140461443013,0.048363620342256,,
2021-07-31,0.048363620342256,0.00000115731049564529,0.000019729749638437,0.0407598370986681,0.048363620342256,,
2021-08-01,0.048363620342256,0.00000115720951522907,0.0000190080523494922,0.0407995420525151,0.048363620342256,,
2021-08-02,0.0591980839287551,0.00000148110110111358,0.0000230905399715257,0.0500204077695292,0.0591980839287551,,
2021-08-03,0.0591980839287551,0.00000150615213101335,0.0000226029619016905,0.0500786971894467,0.0591980839287551,,
2021-08-04,0.0605986595747516,0.00000158267220123803,0.0000241148835284246,0.0511808439234133,0.0605986595747516,,
2021-08-05,0.0531389207703916,0.00000133602451879142,0.0000194795459968421,0.045005873887156,0.0531389207703916,,
2021-08-06,0.0531396798239662,0.00000129793692389873,0.0000188069424069102,0.0448545584686594,0.0531396798239662,,
2021-08-07,0.0468192167275862,0.00000109415344135122,0.0000162114478524429,0.0397183357193882,0.0468192167275862,,
2021-08-08,0.0627839177382526,0.00000141135344602118,0.0000199733763421523,0.053278040499751,0.0627839177382526,,
2021-08-09,0.0536555500109451,0.00000122021246940971,0.0000177236143848468,0.0457079752124419,0.0536555500109451,,
2021-08-10,0.0536555500109451,0.00000115972776259277,0.0000169889095378293,0.0457378012044269,0.0536555500109451,,
2021-08-11,0.0471671350705728,0.0000010368957662223,0.0000150131385471411,0.0402950045159458,0.0471671350705728,,
2021-08-12,0.0630008788539451,0.00000137928953295754,0.0000198831075989711,0.0537300869963398,0.0630008788539451,,
2021-08-13,0.0659862682895162,0.00000148598482727724,0.0000217198590982861,0.056216296388988,0.0659862682895162,,
2021-08-14,0.0596468566949153,0.00000125,0.0000179849948501237,0.0505811424253164,0.0596468566949153,,
2021-08-15,0.0663945358981826,0.00000140892638495286,0.0000203105760951939,0.0563818240873096,0.0663945358981826,,
2021-08-16,0.0663945358981826,0.00000141041791736415,0.0000200543651016995,0.056309617325623,0.0663945358981826,,
2021-08-17,0.0492036503005669,0.00000107,0.0000155817524783198,0.0417788278574868,0.0492036503005669,,
2021-08-18,0.0664983909883811,0.00000148719074631937,0.0000220151693708661,0.0569009025700386,0.0664983909883811,,
2021-08-19,0.0664983909883811,0.00000147924217908478,0.000021864976288229,0.0568965922140247,0.0664983909883811,,
2021-08-20,0.0610627332468732,0.00000130904269390921,0.0000192385870625425,0.0522381529408199,0.0610627332468732,,
2021-08-21,0.0610627332468732,0.00000124008320526521,0.0000186268026587917,0.0522603542164764,0.0610627332468732,,
2021-08-22,0.0610627332468732,0.00000124439440360533,0.0000188773598335781,0.0522908597080702,0.0610627332468732,,
2021-08-23,0.061864016707142,0.00000125323867196748,0.0000190591641758187,0.0529919402958525,0.061864016707142,,
2021-08-24,0.0680138210630041,0.00000137149867162685,0.0000204698267201357,0.057933845173066,0.0680138210630041,,
2021-08-25,0.0693391352747458,0.00000144679995462475,0.0000217800406005343,0.0591908032865425,0.0693391352747458,,
2021-08-26,0.0743482437359205,0.00000151723936513793,0.0000230272768105421,0.0634020686098952,0.0743482437359205,,
2021-08-27,0.0469128822554062,0.000000994120349456618,0.0000150333058836145,0.0399185389078281,0.0469128822554062,,
2021-08-28,0.0469128822554062,0.000000956459537058552,0.0000143463897049875,0.0397726960496908,0.0469128822554062,,
2021-08-29,0.0765050434752776,0.00000156604252262497,0.000023593212444528,0.0649451744062962,0.0765050434752776,,
2021-08-30,0.0765050434752776,0.00000156297498622525,0.0000236790670487122,0.064896230381956,0.0765050434752776,,
2021-08-31,0.0765050434752776,0.00000162342272348176,0.0000236246232290765,0.064861785958209,0.0765050434752776,,
2021-09-01,0.0765050434752776,0.00000162020897497581,0.0000222920186960531,0.0647648970097678,0.0765050434752776,,
2021-09-02,0.0748885067405026,0.00000153811370186268,0.000019739554228843,0.0632122694170453,0.0748885067405026,,
2021-09-03,0.070158151345873,0.0000014210803986793,0.0000185021299450106,0.0591029269772533,0.070158151345873,,
2021-09-04,0.070158151345873,0.0000014070878405709,0.0000179039611571606,0.0591134491112423,0.070158151345873,,
2021-09-05,0.0730277368001169,0.00000146290774810759,0.0000187914087808535,0.0615001072096781,0.0730277368001169,,
2021-09-06,0.079040796735827,0.00000152742793382028,0.0000199869616398087,0.0665287996812055,0.079040796735827,,
2021-09-07,0.079040796735827,0.00000150151810945166,0.0000201181308537786,0.0666259622112473,0.079040796735827,,
2021-09-08,0.0731234870847458,0.00000156065355962053,0.0000213011040251783,0.0618310804695867,0.0731234870847458,,
2021-09-09,0.0466367051151187,0.00000100971528579452,0.0000132952329748339,0.0394819549014338,0.0466367051151187,,
2021-09-10,0.0780008882012858,0.00000167928838787168,0.0000227218151729206,0.0661531994980828,0.0780008882012858,,
2021-09-11,0.0732330082352895,0.0000016359333722969,0.0000228554853381924,0.0620795099091193,0.0732330082352895,,
2021-09-12,0.0733660152262741,0.0000016267917145653,0.0000225103700853281,0.062191261330512,0.0733660152262741,,
2021-09-13,0.0743507860548036,0.00000161,0.0000217545029134797,0.0629429022762939,0.0743507860548036,,
2021-09-14,0.0687319565408095,0.00000152766461969706,0.0000208940309731122,0.0582569835462267,0.0687319565408095,,
2021-09-15,0.0748613266352756,0.00000159202805376973,0.0000218913565741979,0.0634161932323805,0.0748613266352756,,
2021-09-16,0.09297360843005,0.00000193022697920897,0.0000258903107088578,0.0786614305907846,0.09297360843005,,
2021-09-17,0.0740516660731921,0.000001549284628872,0.000020756014168695,0.0629709852693278,0.0740516660731921,,
2021-09-18,0.0736535188419521,0.00000156,0.0000216849883967771,0.062830996535136,0.0736535188419521,,
2021-09-19,0.0728909600373583,0.00000151213466504355,0.0000212818808583525,0.0622349281490447,0.0728909600373583,,
2021-09-20,0.0777113543722969,0.00000164578284292009,0.0000234071021260809,0.0663372963072729,0.0777113543722969,,
2021-09-21,0.0599977144827586,0.0000014,0.0000202328045430308,0.0512218394043603,0.0599977144827586,,
2021-09-22,0.0563629671255433,0.00000139076855639977,0.0000205266145738857,0.0480915151136558,0.0563629671255433,,
2021-09-23,0.0610086014750438,0.0000014,0.0000199132345504941,0.0522162337240399,0.0610086014750438,,
2021-09-24,0.0625384973846523,0.00000139404119200434,0.0000198692915826212,0.0533250164357224,0.0625384973846523,,
2021-09-25,0.0996410802394725,0.00000232788271727476,0.0000339775156284571,0.0851215198649745,0.0996410802394725,,
2021-09-26,0.0619661354449153,0.00000145,0.0000211308343707326,0.0530261345466888,0.0619661354449153,,
2021-09-27,0.0588788800760434,0.00000136510812390415,0.0000193134437869771,0.0502970301680656,0.0588788800760434,,
2021-09-28,0.0573706600537697,0.00000135,0.0000194312385588048,0.0490703699015413,0.0573706600537697,,
2021-09-29,0.0535835918790824,0.00000129982218330179,0.0000190310031909164,0.0459787631289682,0.0535835918790824,,
2021-09-30,0.0534755916469637,0.00000129,0.0000188077665391889,0.0461176969016494,0.0534755916469637,,
2021-10-01,0.0660214623032216,0.00000150797466767999,0.0000219959543957343,0.0570376053433788,0.0660214623032216,,
2021-10-02,0.076868024834838,0.00000159881472822911,0.0000232972818391705,0.0662145607883844,0.076868024834838,,
2021-10-03,0.0817140377005746,0.0000017097691408533,0.0000240770418492865,0.0703084169806614,0.0817140377005746,,
2021-10-04,0.0626634097930216,0.0000013,0.0000183202827192425,0.0539163739511127,0.0626634097930216,,
2021-10-05,0.0620685113421728,0.00000125928988895383,0.0000183005320684288,0.053340595944935,0.0620685113421728,,
2021-10-06,0.0685722056114418,0.00000133,0.0000194784467882397,0.0590740063645582,0.0685722056114418,,
2021-10-07,0.0709373445262887,0.00000128,0.0000197683287251009,0.061248200415787,0.0709373445262887,,
2021-10-08,0.0747891681084664,0.00000139,0.0000208366591567514,0.0644942703181418,0.0747891681084664,,
2021-10-09,0.0825182972140503,0.00000153,0.0000231721753997707,0.0712804421269541,0.0825182972140503,,
2021-10-10,0.0748148545662186,0.00000136,0.0000208987510734523,0.0645678800313761,0.0748148545662186,,
2021-10-11,0.0754877659890649,0.00000138,0.0000219952588167346,0.0652641342774266,0.0754877659890649,,
2021-10-12,0.0733075577293872,0.00000127960549386324,0.0000208285728091989,0.0634556630310411,0.0733075577293872,,
2021-10-13,0.068359189454537,0.00000121643834015196,0.0000195800898675355,0.0593075740525538,0.068359189454537,,
2021-10-14,0.0722596050249854,0.00000126,0.0000200857099841198,0.0622665550136604,0.0722596050249854,,
2021-10-15,0.0718718819104325,0.00000125247169377969,0.0000189808742133025,0.0619645428362921,0.0718718819104325,,
2021-10-16,0.0674916037130625,0.00000109838738795849,0.0000174771178284547,0.0580951044472188,0.0674916037130625,,
2021-10-17,0.0658066282688767,0.00000108,0.0000171515784659873,0.056521527225739,0.0658066282688767,,
2021-10-18,0.0663792001620806,0.00000108,0.0000173024814628211,0.0571508535600147,0.0663792001620806,,
2021-10-19,0.0642916916520631,0.00000103734662780192,0.0000171624553661399,0.0553886749039757,0.0642916916520631,,
2021-10-20,0.161623802576628,0.0000025139453361871,0.0000417088933181921,0.138800026911959,0.161623802576628,,
2021-10-21,0.162378405873545,0.00000245797744413808,0.0000390954228577808,0.138988252738573,0.162378405873545,,
2021-10-22,0.0685377998598665,0.00000109882203389831,0.0000168597729399233,0.0589281569687663,0.0685377998598665,,
2021-10-23,0.0692561028038855,0.00000114,0.0000174205385466198,0.0595206656689985,0.0692561028038855,,
2021-10-24,0.0680417053355085,0.00000111088348644015,0.0000163578324923811,0.0585335306824218,0.0680417053355085,,
2021-10-25,0.264036942954997,0.00000433804326990452,0.0000647690131933274,0.227037494779843,0.264036942954997,,
2021-10-26,0.0680287333292227,0.00000107927856262851,0.0000161419329939359,0.0586098471435162,0.0680287333292227,,
2021-10-27,0.0687463217689831,0.00000113829758292629,0.0000166430495746854,0.0593200931651468,0.0687463217689831,,
2021-10-28,0.0609058694295757,0.00000104,0.0000154284960754063,0.052583748995257,0.0609058694295757,,
2021-10-29,0.0660153836023144,0.00000109,0.0000154285879958185,0.0565052076379241,0.0660153836023144,,
2021-10-30,0.0677160467377747,0.0000010881435025412,0.000015344024508009,0.0585423471029967,0.0677160467377747,,
2021-10-31,0.246141294268661,0.00000398655113968439,0.000057091548241541,0.212994938798647,0.246141294268661,,
2021-11-01,0.0728560314181435,0.00000118594349815144,0.000016967074211273,0.0630769131859295,0.0728560314181435,,
2021-11-02,0.0736174384714722,0.00000120502396259497,0.0000170182721488018,0.063502940462483,0.0736174384714722,,
2021-11-03,0.0801047852442636,0.00000127100526008182,0.0000174657995872151,0.0692024162346708,0.0801047852442636,,
2021-11-04,0.0814686095014038,0.00000129405669199299,0.0000177149878325318,0.0701766879654081,0.0814686095014038,,
2021-11-05,0.0723014369882759,0.00000117766502520292,0.0000159408694757243,0.0626151268881029,0.0723014369882759,,
2021-11-06,0.0873003922303598,0.00000143101694915254,0.0000195001998281828,0.0756950948605946,0.0873003922303598,,
2021-11-07,0.0719024127434553,0.00000117,0.0000159370809525495,0.0622990913604446,0.0719024127434553,,
2021-11-08,0.0690559988836937,0.00000109536492174412,0.0000149819131648107,0.0598235037468552,0.0690559988836937,,
2021-11-09,0.0723314962716779,0.00000107091525423729,0.0000150341184764279,0.0623985113767842,0.0723314962716779,,
2021-11-10,0.0709964661527758,0.00000105813915242149,0.0000149917678329292,0.0612684640732115,0.0709964661527758,,
2021-11-11,0.0668107711624131,0.00000103172973499866,0.0000144613463341042,0.0582163031073279,0.0668107711624131,,
2021-11-12,0.0688607071716189,0.00000106,0.0000145652288778307,0.0602013434226397,0.0688607071716189,,
2021-11-13,0.0685644958000234,0.00000107,0.0000147046981092967,0.0599410359571284,0.0685644958000234,,
2021-11-14,0.0706096375253387,0.00000109646054938632,0.0000152014018957695,0.0617986942744528,0.0706096375253387,,
2021-11-15,0.0715077401592272,0.0000010995739333723,0.0000155130671776734,0.0625504752661334,0.0715077401592272,,
2021-11-16,0.0719408539770222,0.00000112842197545295,0.0000157440214580252,0.0633097869909759,0.0719408539770222,,
2021-11-17,0.0844672210351505,0.00000140026066627703,0.000019949125749805,0.0746756154661842,0.0844672210351505,,
2021-11-18,0.089551412995338,0.00000148869491525424,0.0000209938657803449,0.0792088450284535,0.089551412995338,,
2021-11-19,0.0709374272813448,0.00000124902688486265,0.0000177980990516446,0.0624317028813687,0.0709374272813448,,
2021-11-20,0.0745137703822766,0.00000128440853302162,0.0000173639706846303,0.0661474408873844,0.0745137703822766,,
2021-11-21,0.0829056251024787,0.00000138755406195207,0.0000187860673461454,0.0736028242864087,0.0829056251024787,,
2021-11-22,0.0773327375732969,0.00000131,0.0000179422956864744,0.068687272872669,0.0773327375732969,,
2021-11-23,0.077431013874379,0.00000137329047340736,0.0000189004919705037,0.0689215740454777,0.077431013874379,,
2021-11-24,0.0954551205124411,0.0000016559918176505,0.0000219530107725069,0.0849004630681106,0.0954551205124411,,
2021-11-25,0.100300644083303,0.00000175529281122151,0.0000235338739929975,0.0895487711560894,0.100300644083303,,
2021-11-26,0.129080002616444,0.00000218747574517826,0.0000285193940950723,0.115182530066822,0.129080002616444,,
2021-11-27,0.101294722592837,0.0000018827799133459,0.0000249986447174044,0.0896463011612122,0.101294722592837,,
2021-11-28,0.098344588433197,0.0000018,0.0000240632331877118,0.0870132174631041,0.098344588433197,,
2021-11-29,0.0966672714426338,0.00000168855347749854,0.0000225274966004856,0.0856664477721321,0.0966672714426338,,
2021-11-30,0.0978860011336704,0.00000169,0.0000220047165929944,0.0866653987359579,0.0978860011336704,,
2021-12-01,0.0913597254952234,0.00000160007890122735,0.0000196681745420223,0.0805730457395836,0.0913597254952234,,
2021-12-02,0.0883277100859439,0.00000154471437655169,0.0000192664513760738,0.0780434068697942,0.0883277100859439,,
2021-12-03,0.0865718274667855,0.00000153,0.0000191211422781573,0.076634865233118,0.0865718274667855,,
2021-12-04,0.0885991024907036,0.00000165076271186441,0.0000209309004736323,0.0784578116488268,0.0885991024907036,,
2021-12-05,0.0757059931294799,0.00000154,0.0000184749643287839,0.0670737620342614,0.0757059931294799,,
2021-12-06,0.0710128033842765,0.00000143963080331091,0.0000169458145753179,0.0628032872222449,0.0710128033842765,,
2021-12-07,0.0730851983137347,0.00000144621714353546,0.0000168323793343981,0.0647839413357835,0.0730851983137347,,
2021-12-08,0.0731422164893849,0.00000144622795632019,0.0000169949466105145,0.0648849957905493,0.0731422164893849,,
2021-12-09,0.0736855899353776,0.00000145910168653832,0.0000166434123879499,0.0649702465867429,0.0736855899353776,,
2021-12-10,0.0681600225632192,0.00000142184226393504,0.0000163953113380362,0.0603855322932809,0.0681600225632192,,
2021-12-11,0.066412120561543,0.0000014,0.0000168918250040274,0.0587348397002346,0.066412120561543,,
2021-12-12,0.0661065285008066,0.00000134031137579174,0.0000162042287995084,0.0585652045180901,0.0661065285008066,,
2021-12-13,0.0651874007120982,0.00000130019659856522,0.000015741993356113,0.0576228537121028,0.0651874007120982,,
2021-12-14,0.0580138065228755,0.00000124,0.0000153148219513763,0.0514357959898401,0.0580138065228755,,
2021-12-15,0.0590521076248451,0.00000122279618512319,0.0000153351693929292,0.052457256479967,0.0590521076248451,,
2021-12-16,0.0620148904302601,0.00000127,0.0000154433302596259,0.0548885665773736,0.0620148904302601,,
2021-12-17,0.0605326057667978,0.00000127,0.000015234264702268,0.0534253153864048,0.0605326057667978,,
2021-12-18,0.0602348288736704,0.0000013,0.0000155027442545113,0.0536099615180754,0.0602348288736704,,
2021-12-19,0.0647287256719638,0.00000138,0.0000163214390336562,0.0576168363765508,0.0647287256719638,,
2021-12-20,0.062345647808948,0.00000133,0.000015833550469569,0.0554420320412066,0.062345647808948,,
2021-12-21,0.0596325496174623,0.00000127,0.0000151364162206,0.0528827212940588,0.0596325496174623,,
2021-12-22,0.0615761868950481,0.00000125455581531268,0.0000152832512560306,0.0545083069203111,0.0615761868950481,,
2021-12-23,0.0610163659663063,0.00000125310610029706,0.0000153126132835611,0.0538763129675765,0.0610163659663063,,
2021-12-24,0.0643878670868958,0.00000126965283459965,0.0000156972765901737,0.0568564233474642,0.0643878670868958,,
2021-12-25,0.0660307299936081,0.00000130023127923115,0.0000163233732364571,0.058362330488377,0.0660307299936081,,
2021-12-26,0.0660069052686148,0.00000130473051924637,0.0000160995545274486,0.0584129176411677,0.0660069052686148,,
2021-12-27,0.0665457816275482,0.00000131,0.0000163489006848467,0.0587852890966709,0.0665457816275482,,
2021-12-28,0.0655273271989217,0.00000129,0.0000162020358735297,0.0578527928739256,0.0655273271989217,,
2021-12-29,0.061021496377903,0.00000128,0.0000160325089400174,0.053976762948757,0.061021496377903,,
2021-12-30,0.0580879019688779,0.00000125,0.000015964076893867,0.0511809474807194,0.0580879019688779,,
2021-12-31,0.0588121744891361,0.00000124860083185868,0.0000158607287826071,0.0519520478737289,0.0588121744891361,,
2022-01-01,0.0574274857711134,0.00000123885967889908,0.0000155758710753014,0.0505185752082913,0.0574274857711134,,
2022-01-02,0.0590476170382086,0.00000124153922183609,0.0000156997289822258,0.0519442640862568,0.0590476170382086,,
2022-01-03,0.0628650568034202,0.00000132759580013798,0.0000164037211484719,0.055336671023002,0.0628650568034202,,
2022-01-04,0.0631766679985038,0.00000136,0.0000167780291637972,0.0559162359446097,0.0631766679985038,,
2022-01-05,0.0617507269809848,0.00000134515704434709,0.000016264570643133,0.0547397669091468,0.0617507269809848,,
2022-01-06,0.0553389947738137,0.00000127125648192708,0.0000156070974782351,0.0489939145192937,0.0553389947738137,,
2022-01-07,0.0569513541865108,0.00000132,0.0000166854354971277,0.0504522119983157,0.0569513541865108,,
2022-01-08,0.0560422591841204,0.00000135,0.0000175674079699862,0.0493476731628235,0.0560422591841204,,
2022-01-09,0.0520119094425278,0.00000124430962372473,0.0000168166592827442,0.0458208567070716,0.0520119094425278,,
2022-01-10,0.0535780152439217,0.00000127912375323117,0.0000169827986835257,0.0472133185375633,0.0535780152439217,,
2022-01-11,0.0507213296736412,0.00000121293706003544,0.0000164686818728144,0.0447846562982926,0.0507213296736412,,
2022-01-12,0.0525262029233635,0.00000122816085764006,0.0000162020184815359,0.0462458173907818,0.0525262029233635,,
2022-01-13,0.0535305347666693,0.00000121768163700494,0.0000158710199159073,0.0468483231346313,0.0535305347666693,,
2022-01-14,0.0545623877023495,0.00000128,0.0000167725754318906,0.0476461765922873,0.0545623877023495,,
2022-01-15,0.056320127055225,0.00000130665121906867,0.0000170217485305738,0.0493408429495364,0.056320127055225,,
2022-01-16,0.0560221938047925,0.00000129660971313685,0.000016801046342055,0.0491284443193507,0.0560221938047925,,
2022-01-17,0.0582779605506575,0.00000135,0.0000173635837795366,0.0510884867952701,0.0582779605506575,,
2022-01-18,0.0561409896313004,0.00000133,0.0000174833030605217,0.0492335256529833,0.0561409896313004,,
2022-01-19,0.0501457456835769,0.00000118181215484229,0.0000158398501062221,0.0442745594572751,0.0501457456835769,,
2022-01-20,0.0513988980758153,0.00000123,0.000016551354208239,0.0453264193378074,0.0513988980758153,,
2022-01-21,0.0390860871727275,0.000000959023608287664,0.0000129773243852127,0.0345713178755658,0.0390860871727275,,
2022-01-22,0.042768232981,0.00000117198006028821,0.0000166734133065783,0.0377347870605317,0.042768232981,,
2022-01-23,0.0428854751091409,0.00000122542564894063,0.0000178627797177582,0.0378689422958767,0.0428854751091409,,
2022-01-24,0.0381183431357288,0.00000105093022829998,0.0000150457599590665,0.0336293567693793,0.0381183431357288,,
2022-01-25,0.0360091130152426,0.000000982252670976854,0.0000147631392768028,0.0318080502868818,0.0360091130152426,,
2022-01-26,0.0386728132516891,0.00000104655226138873,0.0000157310024438229,0.034230770308906,0.0386728132516891,,
2022-01-27,0.038667115829325,0.00000105,0.0000156730550108841,0.0344139425645849,0.038667115829325,,
2022-01-28,0.0394307560381298,0.00000106506463711513,0.0000163435116075904,0.0353842907076655,0.0394307560381298,,
2022-01-29,0.0403858880519316,0.00000106929098298354,0.0000158652902845735,0.0362194746553434,0.0403858880519316,,
2022-01-30,0.0420075537436236,0.00000110289940528357,0.0000161991353070399,0.0377385884480956,0.0420075537436236,,
2022-01-31,0.0414020219591818,0.00000109,0.0000158594694300734,0.0371628671323341,0.0414020219591818,,
2022-02-01,0.0407350323069258,0.00000105907961568913,0.0000151641738258619,0.0362728528144087,0.0407350323069258,,
2022-02-02,0.0427286669534775,0.00000110159602248515,0.0000152843757596805,0.0379123126695472,0.0427286669534775,,
2022-02-03,0.0417547226656137,0.00000113026768529956,0.0000155415658293793,0.0369661662855974,0.0417547226656137,,
2022-02-04,0.044820538351841,0.00000120948132721893,0.0000167826115882606,0.039198992865927,0.044820538351841,,
2022-02-05,0.0471738246018276,0.0000011483430488039,0.0000158838053165859,0.0411738438960078,0.0471738246018276,,
2022-02-06,0.0502253838480187,0.00000121,0.0000166440942464665,0.043900012329308,0.0502253838480187,,
2022-02-07,0.0491665342824138,0.00000116073168980216,0.0000161234940180966,0.0429410638541606,0.0491665342824138,,
2022-02-08,0.0523369114827586,0.00000119248411195438,0.0000166393302911591,0.0457767994452045,0.0523369114827586,,
2022-02-09,0.0530086004578048,0.00000120017358270018,0.0000169538853907154,0.0464480975393839,0.0530086004578048,,
2022-02-10,0.0515598617413589,0.00000116112547555501,0.0000159050746975448,0.0451444112541718,0.0515598617413589,,
2022-02-11,0.0510853740064407,0.00000117129757892757,0.0000165831157645876,0.0447794075294026,0.0510853740064407,,
2022-02-12,0.0473530901168907,0.00000111794344330096,0.0000161941816009236,0.0417057460719547,0.0473530901168907,,
2022-02-13,0.045684518374436,0.00000108325280943132,0.0000156946374246437,0.0402969929952361,0.045684518374436,,
2022-02-14,0.0526298939533903,0.00000124728408904355,0.0000182698501850381,0.0463604010379877,0.0526298939533903,,
2022-02-15,0.0452899115222589,0.00000106199267525894,0.0000154241522850235,0.0400629514553089,0.0452899115222589,,
2022-02-16,0.0551947665251432,0.00000124,0.0000173827647348585,0.0485948839039279,0.0551947665251432,,
2022-02-17,0.0466818060844711,0.00000105936808599197,0.0000148643249472867,0.0410314327459325,0.0466818060844711,,
2022-02-18,0.0438883215309784,0.00000108072630659667,0.0000151968751466757,0.0386297551828662,0.0438883215309784,,
2022-02-19,0.0432618178102689,0.00000108035110399361,0.0000155354377836747,0.0382111882933152,0.0432618178102689,,
2022-02-20,0.0418003413361631,0.00000104250944723489,0.0000151582584154881,0.03691570287981,0.0418003413361631,,
2022-02-21,0.0418314269418936,0.00000108507565266239,0.0000158669406731727,0.0369548434618575,0.0418314269418936,,
2022-02-22,0.0379510630938313,0.0000010229938610621,0.0000147161474455764,0.0335641504908547,0.0379510630938313,,
2022-02-23,0.03896664596346,0.00000102,0.0000147812054394584,0.0343925695956711,0.03896664596346,,
2022-02-24,0.0532223084744156,0.00000142655529939687,0.000020534944691538,0.0470549300017697,0.0532223084744156,,
2022-02-25,0.0390157251373466,0.00000101911865903441,0.0000150404574412034,0.0348125323800031,0.0390157251373466,,
2022-02-26,0.0390424500671373,0.000000992846053489855,0.000014000784966662,0.0345925878788628,0.0390424500671373,,
2022-02-27,0.0415818545862127,0.00000106465687864555,0.0000149699720026047,0.0369230426066277,0.0415818545862127,,
2022-02-28,0.0434147053254237,0.00000115266055322837,0.0000166054703553431,0.0388742571859632,0.0434147053254237,,
2022-03-01,0.044906424694588,0.00000104,0.0000154081190527237,0.040021611633331,0.044906424694588,,
2022-03-02,0.0460372370665722,0.00000103840758581514,0.0000155031821557513,0.0413762250184209,0.0460372370665722,,
2022-03-03,0.0445978818990649,0.00000101394345253725,0.0000150940985879525,0.0401144953652163,0.0445978818990649,,
2022-03-04,0.0441924854335009,0.00000104,0.0000155774420361242,0.0399290728456118,0.0441924854335009,,
2022-03-05,0.0423310641150438,0.00000108245858654818,0.0000161703339525936,0.0387171630543369,0.0423310641150438,,
2022-03-06,0.0425345956308358,0.00000108,0.0000159731190515515,0.0389381694749803,0.0425345956308358,,
2022-03-07,0.0414712900369725,0.00000108,0.0000162129960229261,0.0380930179659139,0.0414712900369725,,
2022-03-08,0.0415069289962011,0.00000108808603900143,0.0000165961286909774,0.0382283284764809,0.0415069289962011,,
2022-03-09,0.0416656939397428,0.00000107592460793555,0.0000161634967308102,0.0382416127619642,0.0416656939397428,,
2022-03-10,0.0464509466489772,0.00000110625404343993,0.0000170338965632541,0.0419633581978318,0.0464509466489772,,
2022-03-11,0.0422460165599796,0.00000107,0.0000161774649663088,0.0384196308529705,0.0422460165599796,,
2022-03-12,0.0416511874548568,0.00000107278291074703,0.0000162534434126381,0.0381682161672777,0.0416511874548568,,
2022-03-13,0.0430042322262478,0.0000011040560879447,0.0000166800598302557,0.0394776206832807,0.0430042322262478,,
2022-03-14,0.0399615266796812,0.00000105695067718747,0.0000158798547504726,0.0365694093874046,0.0399615266796812,,
2022-03-15,0.0418046791081239,0.00000105436786096908,0.0000161446823497001,0.0382273694475563,0.0418046791081239,,
2022-03-16,0.0427136567627119,0.00000108529254606782,0.0000162952287233807,0.0389565506438474,0.0427136567627119,,
2022-03-17,0.0431568570080918,0.00000105,0.0000155861948782851,0.0391601002234668,0.0431568570080918,,
2022-03-18,0.0424521167513033,0.00000103626628663317,0.0000150749448019795,0.0382490977855982,0.0424521167513033,,
2022-03-19,0.0436666155619287,0.00000104400359545201,0.000014822811148013,0.0394649741921236,0.0436666155619287,,
2022-03-20,0.0426307370098422,0.00000101037076762381,0.0000144568394514644,0.0385437564254103,0.0426307370098422,,
2022-03-21,0.0432977814904313,0.00000104850639033552,0.0000151294815857045,0.0391883722753322,0.0432977814904313,,
2022-03-22,0.0435282954270485,0.00000106,0.0000150184958643129,0.0394923982737975,0.0435282954270485,,
2022-03-23,0.0449367658797195,0.00000106025024532033,0.0000150964994088482,0.0407491769714282,0.0449367658797195,,
2022-03-24,0.0440492470537697,0.00000103077270703748,0.0000145804014914307,0.0399960264461296,0.0440492470537697,,
2022-03-25,0.0461733232676651,0.00000105,0.0000148463764786334,0.0419234906999772,0.0461733232676651,,
2022-03-26,0.0476680597909976,0.00000107488720644527,0.0000153547245650364,0.0434096323065946,0.0476680597909976,,
2022-03-27,0.0510662144301902,0.00000114704174124222,0.0000162339626880133,0.046476795396831,0.0510662144301902,,
2022-03-28,0.0536213554178843,0.0000011463137803911,0.0000163045310314375,0.0487991121574672,0.0536213554178843,,
2022-03-29,0.0565519113328001,0.00000119753360607832,0.0000168989221648783,0.0514179078969261,0.0565519113328001,,
2022-03-30,0.0541086290318819,0.00000114,0.0000159205205537503,0.0487698832877603,0.0541086290318819,,
2022-03-31,0.0603178203492694,0.00000128,0.0000177978581174515,0.0540303254403818,0.0603178203492694,,
2022-04-01,0.0596864959732057,0.00000131,0.0000181871909063456,0.0539199583790037,0.0596864959732057,,
2022-04-02,0.0619754506257101,0.00000134,0.0000179820379861451,0.0561068800303732,0.0619754506257101,,
2022-04-03,0.0635853286864586,0.00000138409818819404,0.0000184200356645546,0.0575744037342696,0.0635853286864586,,
2022-04-04,0.0518119005658627,0.00000111566093474003,0.0000147128841813757,0.0469308103808555,0.0518119005658627,,
2022-04-05,0.0564166245199591,0.00000120902255469566,0.0000160028734750199,0.0514010697329183,0.0564166245199591,,
2022-04-06,0.0564511205514757,0.00000123544256744901,0.0000164803714211601,0.0517631900854525,0.0564511205514757,,
2022-04-07,0.0501019555397428,0.00000115695712268328,0.0000157370049063908,0.046007772459654,0.0501019555397428,,
2022-04-08,0.0518471661320427,0.00000119,0.0000160111619747276,0.0476870009528985,0.0518471661320427,,
2022-04-09,0.0515109241521917,0.00000122,0.0000161690860834007,0.0473824461739204,0.0515109241521917,,
2022-04-10,0.0513450194327995,0.00000120299491028453,0.0000157598530422902,0.0472614533703535,0.0513450194327995,,
2022-04-11,0.051929647321543,0.00000122868346490356,0.0000161365820089566,0.0477263153306347,0.051929647321543,,
2022-04-12,0.0452046864555636,0.00000114314833266909,0.0000151424334151924,0.0415671110366393,0.0452046864555636,,
2022-04-13,0.0470096546405611,0.00000117241680948365,0.00001552521568637,0.0434416607251054,0.0470096546405611,,
2022-04-14,0.0484037534652835,0.00000117619714485453,0.0000155212903997946,0.0444570572824742,0.0484037534652835,,
2022-04-15,0.04715863873263,0.00000118143231506672,0.0000156165445605572,0.0436172288049638,0.04715863873263,,
2022-04-16,0.049515746414588,0.00000122178648393212,0.0000162916797311381,0.045873947036642,0.049515746414588,,
2022-04-17,0.051358276913647,0.00000127,0.0000167527884970433,0.0475729922661707,0.051358276913647,,
2022-04-18,0.0500280278145938,0.00000126,0.0000166953375496798,0.0462799219286497,0.0500280278145938,,
2022-04-19,0.0497990318951373,0.00000122,0.0000162835106114935,0.0462335829437688,0.0497990318951373,,
2022-04-20,0.0502084068630811,0.00000121014253341977,0.0000161734050655761,0.0465558100770665,0.0502084068630811,,
2022-04-21,0.0503803539724147,0.00000121704479974554,0.000016365031514814,0.0464465590221018,0.0503803539724147,,
2022-04-22,0.0495407208681879,0.00000122451278100348,0.0000166004446356408,0.0457288877127461,0.0495407208681879,,
2022-04-23,0.0486585972479774,0.00000122448612642433,0.000016416880363306,0.0450969719231091,0.0486585972479774,,
2022-04-24,0.0484205117102581,0.00000122328218062352,0.0000164616423246768,0.0449321697311053,0.0484205117102581,,
2022-04-25,0.0478277617109375,0.0000012104725296109,0.000016356000204452,0.0442712646635662,0.0478277617109375,,
2022-04-26,0.0477011018975331,0.00000117856892134526,0.0000158358873805071,0.0445218594080499,0.0477011018975331,,
2022-04-27,0.0449542265487154,0.00000118074387796618,0.0000160471577718123,0.042258606994311,0.0449542265487154,,
2022-04-28,0.0454782873616781,0.0000011596120132081,0.00001575362663188,0.0430722598470272,0.0454782873616781,,
2022-04-29,0.0453832975601249,0.00000114177592915668,0.0000154675382189309,0.0432165832121111,0.0453832975601249,,
2022-04-30,0.0434282299264643,0.0000011248066740608,0.000015423998257584,0.0412013417965335,0.0434282299264643,,
2022-05-01,0.039780907431796,0.00000105480212245444,0.0000145731891663925,0.0377748892847285,0.039780907431796,,
2022-05-02,0.0411967457260848,0.00000107117976522084,0.0000145618293719274,0.0390803358938842,0.0411967457260848,,
2022-05-03,0.0418783719316776,0.00000108588662663157,0.0000146349694010002,0.0398507844623326,0.0418783719316776,,
2022-05-04,0.0422593776257091,0.00000112080743012134,0.0000151961659647258,0.0401850969238162,0.0422593776257091,,
2022-05-05,0.0447358454552635,0.00000112850038530182,0.0000152330336869938,0.042154847819982,0.0447358454552635,,
2022-05-06,0.0401294082491322,0.00000109937486297549,0.000014610388399561,0.0381081941412731,0.0401294082491322,,
2022-05-07,0.0394538413656223,0.00000109463257356387,0.0000146261772016104,0.037423265554712,0.0394538413656223,,
2022-05-08,0.0384000353182273,0.00000108142577446919,0.0000145646066661582,0.0364341172966052,0.0384000353182273,,
2022-05-09,0.0367674355486707,0.00000107952483288678,0.0000145923554535361,0.0349185717854164,0.0367674355486707,,
2022-05-10,0.0320244768586105,0.00000105143341848782,0.0000141829839481779,0.030331539114138,0.0320244768586105,,
2022-05-11,0.0321328674015664,0.00000103685398973159,0.0000137148370258805,0.030519671908322,0.0321328674015664,,
2022-05-12,0.0247419715158849,0.000000859198954550167,0.0000119626108100054,0.0235175190358068,0.0247419715158849,,
2022-05-13,0.0228887913581754,0.000000788433823717349,0.0000116871765620929,0.0220281652285398,0.0228887913581754,,
2022-05-14,0.0256049453869207,0.000000874308628829611,0.0000127005395345324,0.024635935587273,0.0256049453869207,,
2022-05-15,0.0278875311193826,0.000000927977862944716,0.0000135831883232078,0.0268229163494538,0.0278875311193826,,
2022-05-16,0.0295208076077743,0.000000946707057589301,0.0000138014512869227,0.0283797225008828,0.0295208076077743,,
2022-05-17,0.0288451308498977,0.0000009650553640769,0.0000142612742308518,0.0276447680014703,0.0288451308498977,,
2022-05-18,0.0298111362306355,0.00000097939896802573,0.0000142440682753445,0.0282606123291302,0.0298111362306355,,
2022-05-19,0.0263354231609314,0.000000915339103548211,0.0000137091694331651,0.0251307275644428,0.0263354231609314,,
2022-05-20,0.027439975999471,0.000000906870251315021,0.0000136085863324035,0.0259258997808636,0.027439975999471,,
2022-05-21,0.0272616322620783,0.000000932842964145264,0.0000138946000434878,0.0258256538424746,0.0272616322620783,,
2022-05-22,0.0280960983653689,0.0000009549974032167,0.0000142347053792911,0.0266085939399714,0.0280960983653689,,
2022-05-23,0.029827138668609,0.000000983359536106405,0.0000145885042776126,0.0282138422440814,0.029827138668609,,
2022-05-24,0.0284176164799503,0.000000976944813577193,0.0000144206440753806,0.0266061110755831,0.0284176164799503,,
2022-05-25,0.0293434118050088,0.000000989870626297184,0.0000148363564799719,0.0273425372113593,0.0293434118050088,,
2022-05-26,0.0293810893770993,0.000000993367522756252,0.0000151111766620546,0.0274914893363161,0.0293810893770993,,
2022-05-27,0.0278644254701528,0.000000949952960342544,0.00001541446449346,0.0260082393351905,0.0278644254701528,,
2022-05-28,0.0271854914334241,0.000000950141625288198,0.0000157937818159009,0.0253409018591109,0.0271854914334241,,
2022-05-29,0.0276398087097263,0.000000951603142446963,0.0000154097415984785,0.0257690475025326,0.0276398087097263,,
2022-05-30,0.028430056438418,0.000000966020720431445,0.0000156980413492893,0.0265061840342703,0.028430056438418,,
2022-05-31,0.0303048541481752,0.000000954906010389917,0.0000151789956326418,0.0281303281343942,0.0303048541481752,,
2022-06-01,0.029755048055697,0.000000934770043161453,0.0000152800224627055,0.0277193080002397,0.029755048055697,,
2022-06-02,0.0294980244756046,0.000000989006283812349,0.000016139978962172,0.0276910208872992,0.0294980244756046,,
2022-06-03,0.0306226632350723,0.0000010038812678726,0.0000166845631385938,0.0285010080553106,0.0306226632350723,,
2022-06-04,0.0305383988073315,0.00000102952289216627,0.0000172208901939544,0.0285101344076454,0.0305383988073315,,
2022-06-05,0.0305108656001199,0.0000010241154702896,0.0000169594476445784,0.0284860216265916,0.0305108656001199,,
2022-06-06,0.031040807304698,0.00000103761934167042,0.0000171905607047004,0.0289557611031772,0.031040807304698,,
2022-06-07,0.0316093390593827,0.00000100880796607738,0.0000170212439312988,0.0295802629931894,0.0316093390593827,,
2022-06-08,0.0304025107299404,0.000000975219859007102,0.0000167732680606947,0.0284052078790307,0.0304025107299404,,
2022-06-09,0.0297701207451684,0.000000984837339314903,0.0000165896319786646,0.0277863354001037,0.0297701207451684,,
2022-06-10,0.0295434270133115,0.000000982668636883291,0.0000165307294634481,0.0278235485883478,0.0295434270133115,,
2022-06-11,0.027432802902429,0.000000943667884653297,0.000016500903331831,0.0260942817029609,0.027432802902429,,
2022-06-12,0.0257844742285752,0.000000909159240572961,0.0000168580967418293,0.0245395234528094,0.0257844742285752,,
2022-06-13,0.0238508986060698,0.000000888954386557673,0.0000164559763052475,0.0227201190265026,0.0238508986060698,,
2022-06-14,0.0194869599981801,0.000000873218119114724,0.0000163458738064146,0.0187195835061347,0.0194869599981801,,
2022-06-15,0.0195042808971174,0.000000883631542203729,0.0000161788134125547,0.0186939373141013,0.0195042808971174,,
2022-06-16,0.0208634289499166,0.000000926407466851185,0.0000169825134485989,0.0199601228875974,0.0208634289499166,,
2022-06-17,0.0196696332537635,0.000000968461932580895,0.0000185203297805007,0.0186561795931974,0.0196696332537635,,
2022-06-18,0.0211509477523834,0.00000103352167320683,0.0000194578700663644,0.0201622996799497,0.0211509477523834,,
2022-06-19,0.0205271732922373,0.00000107958959733947,0.0000206762470212234,0.0195671262360153,0.0205271732922373,,
2022-06-20,0.0217137015264805,0.00000105960319955014,0.000019311901765912,0.0207115892073835,0.0217137015264805,,
2022-06-21,0.0222389777624728,0.00000108105087446096,0.0000198140517238099,0.0211530377817016,0.0222389777624728,,
2022-06-22,0.0229457142894639,0.00000110910665165048,0.0000203998072557932,0.0217944126969637,0.0229457142894639,,
2022-06-23,0.0229363846482858,0.00000114663758566995,0.0000217925906627342,0.0217198235929087,0.0229363846482858,,
2022-06-24,0.0230378687377106,0.00000109199205786321,0.0000201248317231256,0.0218874758871027,0.0230378687377106,,
2022-06-25,0.0232983203431832,0.00000109386525806569,0.0000188815419636317,0.0220855810233137,0.0232983203431832,,
2022-06-26,0.0232486611990836,0.00000108292759387442,0.0000187117458523555,0.0220470399893996,0.0232486611990836,,
2022-06-27,0.0226957672096902,0.00000107733306025115,0.0000188468511007021,0.0214933109238396,0.0226957672096902,,
2022-06-28,0.0232303292498966,0.00000111947720000526,0.0000194412041593329,0.0219542328965894,0.0232303292498966,,
2022-06-29,0.0228887004382688,0.00000112956878746814,0.0000200285875541842,0.0217495681281706,0.0228887004382688,,
2022-06-30,0.0220696637713621,0.00000109903494975917,0.0000201397711647065,0.0211176933746699,0.0220696637713621,,
2022-07-01,0.0214981788871658,0.00000111199899648901,0.0000206407804408085,0.0204982568156014,0.0214981788871658,,
2022-07-02,0.0214212183079622,0.00000110750542336813,0.0000200930107631908,0.020539763877662,0.0214212183079622,,
2022-07-03,0.0223422248757464,0.00000116173150922681,0.0000209487641465643,0.0214318170496531,0.0223422248757464,,
2022-07-04,0.0230025743114155,0.00000119329529805752,0.00002142360574801,0.0220469513446209,0.0230025743114155,,
2022-07-05,0.0230387418994638,0.00000113904884417792,0.0000200308614689436,0.0220773215764243,0.0230387418994638,,
2022-07-06,0.0224976965170029,0.00000111411452510503,0.000019829498353565,0.0219067214627423,0.0224976965170029,,
2022-07-07,0.0225050000511739,0.00000109455624760361,0.0000189113932158787,0.0221107936943355,0.0225050000511739,,
2022-07-08,0.0231035022086514,0.00000106706641522167,0.0000186552494316483,0.0227224664831222,0.0231035022086514,,
2022-07-09,0.0232212222709123,0.00000106452044016996,0.0000188595205633795,0.0228124172143458,0.0232212222709123,,
2022-07-10,0.023691237254402,0.00000109757202519564,0.0000194697173491216,0.023273035744479,0.023691237254402,,
2022-07-11,0.0231645266101451,0.00000111200722945261,0.0000198495999441,0.0227803582276812,0.0231645266101451,,
2022-07-12,0.0216222831162381,0.00000108266618645458,0.0000197186772562969,0.0215246266721679,0.0216222831162381,,
2022-07-13,0.0214745508523913,0.00000111041834803784,0.0000206424706844941,0.0214130337577901,0.0214745508523913,,
2022-07-14,0.0220565166122457,0.00000109431600049222,0.0000198722144805603,0.0219754432078016,0.0220565166122457,,
2022-07-15,0.0220662385440132,0.00000107363143821962,0.000018530955559706,0.0220119294239487,0.0220662385440132,,
2022-07-16,0.0232662575670442,0.00000111686670860191,0.0000188322677364486,0.0230667203818628,0.0232662575670442,,
2022-07-17,0.0234729993981362,0.0000011073993005117,0.0000173541841178182,0.0232870421175068,0.0234729993981362,,
2022-07-18,0.0230458828666455,0.00000110649155561256,0.0000171306808394301,0.0228262808432363,0.0230458828666455,,
2022-07-19,0.0238974246726367,0.00000107135922906278,0.0000152356732705429,0.0235577869005486,0.0238974246726367,,
2022-07-20,0.0247199124331398,0.00000105770818868897,0.000015992862826711,0.0241566103836074,0.0247199124331398,,
2022-07-21,0.0236251167882266,0.00000101478381818944,0.0000155104591361859,0.0232117897787782,0.0236251167882266,,
2022-07-22,0.023697511042745,0.00000102354406075826,0.0000150126170475975,0.0231728909268996,0.023697511042745,,
2022-07-23,0.0236971088868119,0.00000104364580659304,0.0000154219113582566,0.0232277435039612,0.0236971088868119,,
2022-07-24,0.023631125281366,0.00000105099816000964,0.000015241473926065,0.023159884240028,0.023631125281366,,
2022-07-25,0.0236704032013799,0.00000104489604671855,0.000014763323557274,0.023200156660393,0.0236704032013799,,
2022-07-26,0.0223027504987286,0.00000103684892066634,0.0000152582686433643,0.0218518808851521,0.0223027504987286,,
2022-07-27,0.0218429014893631,0.0000010312176816006,0.0000152618791732569,0.0215560606581158,0.0218429014893631,,
2022-07-28,0.023047343495208,0.00000100650387489444,0.0000141191874880539,0.0225858834429473,0.023047343495208,,
2022-07-29,0.0237821836878929,0.000000997635209368973,0.00001378987989639,0.023325091598051,0.0237821836878929,,
2022-07-30,0.0239450725929361,0.000000999763356503024,0.0000137136457082513,0.0234181116259348,0.0239450725929361,,
2022-07-31,0.0240278438301077,0.00000101711896977045,0.0000141933262333127,0.0235213914039582,0.0240278438301077,,
2022-08-01,0.0250979621816569,0.0000010745751462881,0.0000149153586413653,0.0245912087458409,0.0250979621816569,,
2022-08-02,0.0268834078793466,0.00000115223941478974,0.0000164340139638488,0.0262044580353208,0.0268834078793466,,
2022-08-03,0.0258527058062391,0.0000011224969228837,0.0000157585381670858,0.0254591385762683,0.0258527058062391,,
2022-08-04,0.0250360792303537,0.00000109760440330095,0.0000154904712123996,0.0246473880663954,0.0250360792303537,,
2022-08-05,0.025067477851776,0.00000110779167288198,0.0000155994022207993,0.0244742357070447,0.025067477851776,,
2022-08-06,0.0257218162916413,0.00000110636362081888,0.0000149057712429694,0.0252615180872876,0.0257218162916413,,
2022-08-07,0.0261670237976837,0.00000113788097185928,0.0000154329091768347,0.0256956186893513,0.0261670237976837,,
2022-08-08,0.0261506611092642,0.00000112943970135905,0.0000154055497116952,0.0257059496679999,0.0261506611092642,,
2022-08-09,0.0262600222050851,0.0000011031930664611,0.0000147855290833429,0.0257490932301814,0.0262600222050851,,
2022-08-10,0.0252837256613615,0.00000109046008468419,0.0000148379346658048,0.0247804719989982,0.0252837256613615,,
2022-08-11,0.026469974497363,0.00000110646280934842,0.0000143016781925055,0.0256996675990827,0.026469974497363,,
2022-08-12,0.0274548534390535,0.00000114708572758665,0.0000146183174506295,0.0266263028800725,0.0274548534390535,,
2022-08-13,0.0287359732407548,0.00000117788200755322,0.0000147003726217184,0.0279973899389499,0.0287359732407548,,
2022-08-14,0.0299787761623799,0.00000122731937247211,0.0000151313386378396,0.0292338548086226,0.0299787761623799,,
2022-08-15,0.0298912006362712,0.00000122937205484294,0.0000154369595783213,0.0291458166191165,0.0298912006362712,,
2022-08-16,0.0292415106233375,0.00000121414908257386,0.0000153761381873894,0.0287816524503396,0.0292415106233375,,
2022-08-17,0.0280954718208408,0.00000117707840531701,0.0000149713499729627,0.0276162064313666,0.0280954718208408,,
2022-08-18,0.0273705691792522,0.00000117287281142993,0.0000149304277519326,0.0269010064484842,0.0273705691792522,,
2022-08-19,0.0272669166389788,0.00000117422661868803,0.0000147452448006122,0.0270151956943195,0.0272669166389788,,
2022-08-20,0.0237931524540183,0.00000113805990350224,0.0000147248457214567,0.0236971788046874,0.0237931524540183,,
2022-08-21,0.0239383944839287,0.00000113201802875605,0.0000151909253572642,0.0238557724187938,0.0239383944839287,,
2022-08-22,0.0243806792827251,0.00000113114427081148,0.0000150364568906942,0.0243109087083824,0.0243806792827251,,
2022-08-23,0.0238220893664496,0.00000111835103328141,0.0000148152882843994,0.0239596361771261,0.0238220893664496,,
2022-08-24,0.0244090438488713,0.00000113348476077675,0.0000146699331786265,0.0244906073911413,0.0244090438488713,,
2022-08-25,0.024284020152077,0.00000113344461869179,0.0000146399928997633,0.0243512877577744,0.024284020152077,,
2022-08-26,0.0252613506850133,0.00000117016575865263,0.000014902590666964,0.0253320445640278,0.0252613506850133,,
2022-08-27,0.0232572272477184,0.000001148722564945,0.0000154142689953674,0.0233611912174096,0.0232572272477184,,
2022-08-28,0.0235507619392384,0.00000117495373050549,0.0000157755727631843,0.0236592991283817,0.0235507619392384,,
2022-08-29,0.0242235379964768,0.00000123127492539233,0.0000168111791525957,0.0243839912665609,0.0242235379964768,,
2022-08-30,0.0245618788401854,0.00000121167810379568,0.0000158434904832104,0.0245630221905753,0.0245618788401854,,
2022-08-31,0.0243849965592229,0.00000122998369849435,0.0000159422007819877,0.0243365877256467,0.0243849965592229,,
2022-09-01,0.0245057588117195,0.00000122377831177137,0.0000157925483913592,0.0244054050799805,0.0245057588117195,,
2022-09-02,0.0238495547887856,0.00000118622263285744,0.0000150342404352068,0.0239549973071019,0.0238495547887856,,
2022-09-03,0.0235776645072939,0.00000118190555007649,0.0000149547911393261,0.0236911946363219,0.0235776645072939,,
2022-09-04,0.0233295075536057,0.00000117802989127717,0.0000150023551098936,0.0234368547996129,0.0233295075536057,,
2022-09-05,0.0232688825867428,0.00000116566402627872,0.0000147642376016385,0.0234683574356089,0.0232688825867428,,
2022-09-06,0.0231829365714333,0.00000117098568185042,0.0000143720147543307,0.0233008979226825,0.0231829365714333,,
2022-09-07,0.0225221122577158,0.00000119505106430169,0.0000143847339270663,0.022766215931599,0.0225221122577158,,
2022-09-08,0.022734240226364,0.00000117837297088273,0.0000139142047079265,0.0227431996706274,0.022734240226364,,
2022-09-09,0.0234928319674014,0.00000121604017512591,0.0000143725383281526,0.023476303289427,0.0234928319674014,,
2022-09-10,0.0243632055167536,0.0000011404225934013,0.0000141859265452655,0.0242237243844226,0.0243632055167536,,
2022-09-11,0.0244655202252957,0.00000112665359101504,0.0000137462095220525,0.0243141602137961,0.0244655202252957,,
2022-09-12,0.0246421559812899,0.00000113387089342444,0.0000140129032013238,0.024459528506511,0.0246421559812899,,
2022-09-13,0.0248963426506016,0.00000111317253780821,0.0000145518522983509,0.0245811016982458,0.0248963426506016,,
2022-09-14,0.0225579647304135,0.00000111866687659843,0.0000143312241556314,0.0226120459440011,0.0225579647304135,,
2022-09-15,0.0227997048016957,0.00000112611343457454,0.0000139553631549248,0.0228359757262772,0.0227997048016957,,
2022-09-16,0.0221774493117639,0.00000112593774860977,0.0000150605186862166,0.0221891598175229,0.0221774493117639,,
2022-09-17,0.0221603472606489,0.00000112252159835943,0.0000154960512928738,0.0221326104618381,0.0221603472606489,,
2022-09-18,0.0226217737723209,0.00000112430338580214,0.0000153955578689988,0.0225992901048496,0.0226217737723209,,
2022-09-19,0.0213606472123043,0.00000109952833534132,0.0000159662990911522,0.0213213367297363,0.0213606472123043,,
2022-09-20,0.021625624645899,0.0000011057188937335,0.0000156770900493242,0.0215746530665689,0.021625624645899,,
2022-09-21,0.0211532563819547,0.00000112082406466984,0.0000159839165844176,0.0212177710850619,0.0211532563819547,,
2022-09-22,0.020719745575069,0.00000111957710250269,0.0000165873316375399,0.0210494161797294,0.020719745575069,,
2022-09-23,0.0217024267028956,0.00000111784400247403,0.0000163339570418308,0.0220434474171199,0.0217024267028956,,
2022-09-24,0.0218668636820378,0.0000011314232228407,0.0000164294533921211,0.0225503857948741,0.0218668636820378,,
2022-09-25,0.0217034562533539,0.00000114682814063197,0.0000164793662108577,0.0223770017267427,0.0217034562533539,,
2022-09-26,0.0211659230395675,0.00000112625696647797,0.000016350035667155,0.0218409965910876,0.0211659230395675,,
2022-09-27,0.0210273530202049,0.00000109511008652117,0.0000157580653317403,0.02185922231861,0.0210273530202049,,
2022-09-28,0.0210779364283404,0.00000110316765847712,0.0000158418222460164,0.0219765241857957,0.0210779364283404,,
2022-09-29,0.0210784421666634,0.00000108344950893538,0.0000157403208481635,0.0216940199383928,0.0210784421666634,,
2022-09-30,0.021185593737578,0.00000108416859787286,0.0000158855131136616,0.0215586500826519,0.021185593737578,,
2022-10-01,0.0209778795572853,0.00000107937639013838,0.0000158075991480706,0.0214065102582548,0.0209778795572853,,
2022-10-02,0.0208705912284639,0.00000108071358572149,0.000015916894881083,0.0213011159277442,0.0208705912284639,,
2022-10-03,0.0207028508504486,0.00000108874741307757,0.0000162177755973827,0.0211321825854744,0.0207028508504486,,
2022-10-04,0.0209709213593286,0.00000106812302268394,0.0000158341613420897,0.0213272269427051,0.0209709213593286,,
2022-10-05,0.021253221363792,0.00000104489928083219,0.0000155947578054543,0.0212937910480038,0.021253221363792,,
2022-10-06,0.0211543050544453,0.00000104957580814124,0.0000156402294458095,0.0213635824515556,0.0211543050544453,,
2022-10-07,0.0210915900281543,0.0000010571935289248,0.0000156077490301469,0.0215393758262251,0.0210915900281543,,
2022-10-08,0.0210126018472638,0.00000107541056719202,0.0000157688231248953,0.021577167893507,0.0210126018472638,,
2022-10-09,0.0212005967712627,0.00000109190375227323,0.0000161164999130612,0.0217727622030672,0.0212005967712627,,
2022-10-10,0.0212895559838069,0.0000010957974923341,0.0000161170394911529,0.0218741392550201,0.0212895559838069,,
2022-10-11,0.0207792495568454,0.00000108482881024549,0.0000160823974830621,0.0214019640162206,0.0207792495568454,,
2022-10-12,0.0204875571037686,0.0000010760677335514,0.0000160241402451699,0.0211118467431165,0.0204875571037686,,
2022-10-13,0.0205457665399899,0.00000107249889788997,0.0000158699421702056,0.0211675810165918,0.0205457665399899,,
2022-10-14,0.0200604205098214,0.00000103469118005886,0.0000155724303227075,0.0205326142709252,0.0200604205098214,,
2022-10-15,0.0198695384088778,0.00000103607546882333,0.0000153158075971472,0.0204377327875373,0.0198695384088778,,
2022-10-16,0.0198065963260436,0.00000103863273365028,0.0000155346220339894,0.020387926453519,0.0198065963260436,,
2022-10-17,0.0198630833337652,0.00000103121905084144,0.0000152136453829369,0.0203909214629558,0.0198630833337652,,
2022-10-18,0.0201902855371501,0.00000103238037634997,0.0000151536685968569,0.0205134000684038,0.0201902855371501,,
2022-10-19,0.0201072759752115,0.00000103959734671352,0.0000153338551517669,0.0203872874432279,0.0201072759752115,,
2022-10-20,0.0196998185254215,0.00000102967068356835,0.0000153346020881301,0.0201764057841562,0.0196998185254215,,
2022-10-21,0.0197116370630562,0.0000010356353511978,0.0000153767937653242,0.0201639579152518,0.0197116370630562,,
2022-10-22,0.0198734074136371,0.00000103642949514714,0.0000152887031097639,0.0201596006521163,0.0198734074136371,,
2022-10-23,0.01982756429492,0.00000103227549860074,0.0000150859536728239,0.0201045669572374,0.01982756429492,,
2022-10-24,0.0201966491265882,0.00000103226289289238,0.0000148084437379825,0.0204898222434395,0.0201966491265882,,
2022-10-25,0.0203079996161106,0.00000104997241136397,0.0000151039036423598,0.020538848853423,0.0203079996161106,,
2022-10-26,0.0209892979317562,0.00000104450552577731,0.0000143635372012595,0.0210645998627884,0.0209892979317562,,
2022-10-27,0.0210806424721492,0.0000010136371219859,0.0000134163978502636,0.0208952354818971,0.0210806424721492,,
2022-10-28,0.0204404024860488,0.00000100790068907114,0.000013493948346809,0.0205010953651104,0.0204404024860488,,
2022-10-29,0.0206369883898892,0.0000010015712275185,0.000013263122057858,0.0207106589003168,0.0206369883898892,,
2022-10-30,0.0208352679979028,0.00000100150779793732,0.0000128700554392515,0.0208976717763776,0.0208352679979028,,
2022-10-31,0.0206434831634614,0.00000100129893641538,0.0000129873206339152,0.0207327163267068,0.0206434831634614,,
2022-11-01,0.0205822071678176,0.00000100445803617022,0.000013099641334703,0.0208160918377237,0.0205822071678176,,
2022-11-02,0.0205868939178019,0.00000100502477811952,0.0000130275693372952,0.020847760416631,0.0205868939178019,,
2022-11-03,0.0199585515121194,0.000000990583166465411,0.0000131342773483614,0.0203340053368396,0.0199585515121194,,
2022-11-04,0.0201968687286689,0.000000999938486457904,0.0000132023245232356,0.0207171534689335,0.0201968687286689,,
2022-11-05,0.0210024330487616,0.000000992682795926577,0.0000127692557426226,0.0211016345969717,0.0210024330487616,,
2022-11-06,0.0210162263170214,0.000000987443529517011,0.0000129143852019471,0.0211112733049842,0.0210162263170214,,
2022-11-07,0.0205390437412283,0.00000098053357860787,0.0000130408727153405,0.0206905019641552,0.0205390437412283,,
2022-11-08,0.0203245346794943,0.000000988135757771466,0.0000129665096619561,0.0202949707369278,0.0203245346794943,0.0203310329,gate.io-ssx-usdt-spot
2022-11-09,0.0168955231765429,0.000000912237432219833,0.0000126855916602907,0.016792325682974,0.0168955231765429,0.017004862,gate.io-ssx-usdt-spot
2022-11-10,0.0137313598604487,0.000000871373654333602,0.0000125630156099474,0.0137154512115942,0.0137313598604487,0.0138202385,gate.io-ssx-usdt-spot
2022-11-11,0.0148197451978217,0.000000844836203600409,0.0000114212329820864,0.0145540204622619,0.0148197451978217,0.0148521024,gate.io-ssx-usdt-spot
2022-11-12,0.0150996576355039,0.00000089258089254785,0.00001178830871084,0.0145732738185855,0.0150996576355039,0.01505442092,gate.io-ssx-usdt-spot
2022-11-13,0.0145255982908255,0.000000866101491407319,0.0000116018775749245,0.0140622839458624,0.0145255982908255,0.014516551499999999,gate.io-ssx-usdt-spot
2022-11-14,0.0139593480830014,0.000000855326093254637,0.0000114407049706173,0.0135001455996648,0.0139593480830014,0.013902509200000001,gate.io-ssx-usdt-spot
2022-11-15,0.0132664139709483,0.000000797764887156371,0.0000106924738144268,0.012851984966577,0.0132664139709483,0.0132517503,gate.io-ssx-usdt-spot
2022-11-16,0.0138499707107408,0.000000821683939854461,0.0000110839811701776,0.0133816521078941,0.0138499707107408,0.013900512,gate.io-ssx-usdt-spot
2022-11-17,0.0143127276486072,0.000000859127602486122,0.0000117820252296562,0.0137658519688735,0.0143127276486072,0.0142841327,gate.io-ssx-usdt-spot
2022-11-18,0.0141517476640628,0.000000848671408367037,0.0000117958503468267,0.013653507349744,0.0141517476640628,0.014220472080000001,gate.io-ssx-usdt-spot
2022-11-19,0.0140185452942746,0.000000841372384140753,0.000011590567604487,0.0135708159530507,0.0140185452942746,0.0140257428,gate.io-ssx-usdt-spot
2022-11-20,0.0149818152871181,0.000000897329398994848,0.0000122942221168254,0.0144979876023042,0.0149818152871181,0.014993985599999999,gate.io-ssx-usdt-spot
2022-11-21,0.0150803533835664,0.000000928201977841111,0.00001323252448167,0.0145928702827963,0.0150803533835664,0.015015443,gate.io-ssx-usdt-spot
2022-11-22,0.0146206583269849,0.000000926647369687783,0.000013199805196857,0.0142746798323072,0.0146206583269849,0.0145560525,gate.io-ssx-usdt-spot
2022-11-23,0.0156694569979401,0.000000968871836326183,0.0000138084443917391,0.0152021200680382,0.0156694569979401,0.0156735978,gate.io-ssx-usdt-spot
2022-11-24,0.0209945075031584,0.00000126670865869767,0.0000177443358247998,0.0201561514345908,0.0209945075031584,0.0210528164,gate.io-ssx-usdt-spot
2022-11-25,0.0190438644140987,0.00000114836050639465,0.0000158344376644277,0.018281157125143,0.0190438644140987,0.0190177736,gate.io-ssx-usdt-spot
2022-11-26,0.0170195560074474,0.00000103009051762591,0.0000141940598320172,0.016346512357938,0.0170195560074474,0.0169701126,gate.io-ssx-usdt-spot
2022-11-27,0.0173925940487673,0.00000105738788532095,0.0000144358520144893,0.0167208517356792,0.0173925940487673,0.017359578,gate.io-ssx-usdt-spot
2022-11-28,0.0171274954812939,0.00000104206751857967,0.0000143102788219429,0.0165135667768097,0.0171274954812939,0.0171786866,gate.io-ssx-usdt-spot
2022-11-29,0.016078132589813,0.000000991707130230096,0.0000137547256426483,0.0155377345982103,0.016078132589813,0.016039976,gate.io-ssx-usdt-spot
2022-11-30,0.0162613459883284,0.0000009889502873679,0.0000133609415900665,0.0157526500855227,0.0162613459883284,0.01638375552,gate.io-ssx-usdt-spot
2022-12-01,0.0154856484676391,0.000000901539256058174,0.0000119300294223438,0.0148601876124275,0.0154856484676391,0.0153870768,gate.io-ssx-usdt-spot
2022-12-02,0.0166966568750396,0.000000984397713793071,0.0000130881192656278,0.01585972981831,0.0166966568750396,0.0166876686,gate.io-ssx-usdt-spot
2022-12-03,0.0161761872948721,0.000000947354840606461,0.0000125118311603974,0.015353941810132,0.0161761872948721,0.01619197146,gate.io-ssx-usdt-spot
2022-12-04,0.0159996864319854,0.000000946754604692014,0.0000128932899597248,0.0151996121448853,0.0159996864319854,0.0160046003,gate.io-ssx-usdt-spot
2022-12-05,0.0159202981202753,0.000000929830810557154,0.0000124374076914923,0.0151026155659183,0.0159202981202753,0.01586990416,gate.io-ssx-usdt-spot
2022-12-06,0.0159373349759628,0.000000939626462348589,0.0000126634564293656,0.0151798677084374,0.0159373349759628,0.0158634135,gate.io-ssx-usdt-spot
2022-12-07,0.0159605906503014,0.00000093497998601556,0.0000125655574360573,0.0152346109151524,0.0159605906503014,0.0160473951,gate.io-ssx-usdt-spot
2022-12-08,0.0153888936874306,0.000000913382221956695,0.0000124853864290621,0.0146411707129589,0.0153888936874306,0.015367,gate.io-ssx-usdt-spot
2022-12-09,0.0156945096097715,0.000000910805756414027,0.0000122457122848694,0.0148598073318432,0.0156945096097715,0.01575,gate.io-ssx-usdt-spot
2022-12-10,0.0140006873377431,0.00000081702647059306,0.000011083432404674,0.0132830052797115,0.0140006873377431,0.013393133930000002,gate.io-ssx-usdt-spot
2022-12-11,0.0163691744141519,0.00000095590803551057,0.0000129219635599856,0.0155259494348919,0.0163691744141519,0.016383,gate.io-ssx-usdt-spot
2022-12-12,0.0157373861492261,0.000000920618586615458,0.0000124596343066111,0.0149448127592836,0.0157373861492261,0.01595763828,gate.io-ssx-usdt-spot
2022-12-13,0.0148996921227168,0.000000866486607766177,0.0000116880476447749,0.0141204347233323,0.0148996921227168,0.0148274826,gate.io-ssx-usdt-spot
2022-12-14,0.0155158846566537,0.000000872908997426469,0.0000117508802259272,0.0145956054685522,0.0155158846566537,0.01546237095,gate.io-ssx-usdt-spot
2022-12-15,0.0156309317269157,0.000000877662767461382,0.0000119489003135466,0.01463827950389,0.0156309317269157,0.01567,gate.io-ssx-usdt-spot
2022-12-16,0.0155873724608442,0.000000898715608830432,0.0000123305303727055,0.0146447042117588,0.0155873724608442,0.01559446782,gate.io-ssx-usdt-spot
2022-12-17,0.0148484491237672,0.000000894155768684584,0.0000127503943694843,0.0140254117322727,0.0148484491237672,0.0148134812,gate.io-ssx-usdt-spot
2022-12-18,0.0136558297589121,0.000000814088233785912,0.000011503680305431,0.0128978346709446,0.0136558297589121,0.013666546639999999,gate.io-ssx-usdt-spot
2022-12-19,0.0135697367732438,0.000000808872377463249,0.0000114281005874745,0.0128095829094268,0.0135697367732438,0.01368618944,gate.io-ssx-usdt-spot
2022-12-20,0.0131270001356303,0.000000799250799164217,0.00001124720199767,0.0123639082043733,0.0131270001356303,0.013014,gate.io-ssx-usdt-spot
2022-12-21,0.0132346537299021,0.000000783031420810284,0.0000108677766631063,0.012455732588482,0.0132346537299021,0.0132833282,gate.io-ssx-usdt-spot
2022-12-22,0.0145328857275063,0.00000086502527942326,0.0000119871014101018,0.0136910364361659,0.0145328857275063,0.014696,gate.io-ssx-usdt-spot
2022-12-23,0.014416464483998,0.000000857397028979351,0.0000118474021240567,0.0135971145660009,0.014416464483998,0.014326137360000001,gate.io-ssx-usdt-spot
2022-12-24,0.0144268143072058,0.000000859735985759032,0.0000118265406098199,0.0135777249506876,0.0144268143072058,0.014509,gate.io-ssx-usdt-spot
2022-12-25,0.0144583030437669,0.000000858690822530192,0.0000118454300776031,0.0135964523194324,0.0144583030437669,0.01450427475,gate.io-ssx-usdt-spot
2022-12-26,0.0144409209167046,0.000000858309606367022,0.0000118583745938075,0.0135952720282855,0.0144409209167046,0.0144465552,gate.io-ssx-usdt-spot
2022-12-27,0.0141164346456483,0.000000836284733718625,0.0000115294750415308,0.0132557209901074,0.0141164346456483,0.0141161762,gate.io-ssx-usdt-spot
2022-12-28,0.0140972358755385,0.000000844200897103374,0.0000116354572429741,0.0132488120805448,0.0140972358755385,0.014131920659999998,gate.io-ssx-usdt-spot
2022-12-29,0.0133929695131587,0.000000809913596784984,0.0000112725192966098,0.0125964731744899,0.0133929695131587,0.013390167529999998,gate.io-ssx-usdt-spot
2022-12-30,0.0133477291051612,0.000000802600904286436,0.0000111145774417657,0.0125196586157763,0.0133477291051612,0.013354121600000001,gate.io-ssx-usdt-spot
2022-12-31,0.0133020748467397,0.000000801634584329955,0.0000110981645847486,0.0124264502482241,0.0133020748467397,0.013284354500000001,gate.io-ssx-usdt-spot
2023-01-01,0.0130025937454019,0.000000786881043378061,0.0000108778196652159,0.0121323503279442,0.0130025937454019,0.01290728472,gate.io-ssx-usdt-spot
2023-01-02,0.0131634283280962,0.000000792655197946846,0.000010969469496681,0.0122710958812588,0.0131634283280962,0.01311975,gate.io-ssx-usdt-spot
2023-01-03,0.0134390986487101,0.000000805280407017279,0.0000110624636445736,0.0125791206743874,0.0134390986487101,0.01344782988,gate.io-ssx-usdt-spot
2023-01-04,0.0131627961508484,0.000000789606181655998,0.0000108404852056115,0.0124732944380433,0.0131627961508484,0.01308363351,gate.io-ssx-usdt-spot
2023-01-05,0.0137164019010113,0.000000814108731323391,0.0000109213793726072,0.0129299404125536,0.0137164019010113,0.013744600320000001,gate.io-ssx-usdt-spot
2023-01-06,0.0136497037946253,0.000000811284749087707,0.0000109184693878798,0.012970346896711,0.0136497037946253,0.0136035564,gate.io-ssx-usdt-spot
2023-01-07,0.0134029578261727,0.000000790368361869961,0.000010559727432454,0.0125875704614612,0.0134029578261727,0.01335039442,gate.io-ssx-usdt-spot
2023-01-08,0.0134614089202684,0.000000794528951009739,0.0000106540281470278,0.0126435148673361,0.0134614089202684,0.013510297400000001,gate.io-ssx-usdt-spot
2023-01-09,0.0133632362300873,0.000000783343002008352,0.0000104023196656053,0.0125379711479207,0.0133632362300873,0.013312337,gate.io-ssx-usdt-spot
2023-01-10,0.0144171934571303,0.000000839071416502608,0.0000109169759230527,0.0134323801091386,0.0144171934571303,0.0143754374,gate.io-ssx-usdt-spot
2023-01-11,0.0145746578109752,0.000000835994561092495,0.000010911981441187,0.0135766409437747,0.0145746578109752,0.01453146993,gate.io-ssx-usdt-spot
2023-01-12,0.0149662587966021,0.000000839211703794272,0.0000108410763927815,0.0138994157402484,0.0149662587966021,0.01492635792,gate.io-ssx-usdt-spot
2023-01-13,0.0149465134656847,0.000000792090489715094,0.0000105469215910151,0.0137683278730138,0.0149465134656847,0.014878785239999998,gate.io-ssx-usdt-spot
2023-01-14,0.0154362897269583,0.000000776913965274864,0.0000106465684073475,0.0142489330929276,0.0154362897269583,0.0154565455,gate.io-ssx-usdt-spot
2023-01-15,0.0164897761188338,0.000000784819226577839,0.0000106277254809276,0.0152129485068003,0.0164897761188338,0.0165986597,gate.io-ssx-usdt-spot
2023-01-16,0.0168763365544338,0.000000808408202606167,0.0000108716892659729,0.015580989492102,0.0168763365544338,0.0169243842,gate.io-ssx-usdt-spot
2023-01-17,0.0169320415543549,0.000000799419841099908,0.0000107303915589199,0.0156363673588652,0.0169320415543549,0.0170648532,gate.io-ssx-usdt-spot
2023-01-18,0.0185803774978783,0.000000877330948544432,0.0000118332024551797,0.0172228784874144,0.0185803774978783,0.01856159826,gate.io-ssx-usdt-spot
2023-01-19,0.0183570954806677,0.000000886402145507892,0.0000120772133036869,0.0169959977066613,0.0183570954806677,0.0184431555,gate.io-ssx-usdt-spot
2023-01-20,0.0170962246727438,0.000000811330667618488,0.0000110275120120842,0.0157761003076723,0.0170962246727438,0.01717934358,gate.io-ssx-usdt-spot
2023-01-21,0.0177281924057726,0.000000782331488056578,0.0000106920443885842,0.0163309782830874,0.0177281924057726,0.017789668050000002,gate.io-ssx-usdt-spot
2023-01-22,0.0184579559341839,0.000000809446831245904,0.000011336935472346,0.0170032837298328,0.0184579559341839,0.018505960479999996,gate.io-ssx-usdt-spot
2023-01-23,0.0179644421038905,0.000000790818052991754,0.0000110328608685121,0.0165327920529881,0.0179644421038905,0.01803996792,gate.io-ssx-usdt-spot
2023-01-24,0.0181452499142408,0.000000791365965121448,0.0000111461721234389,0.0166963841317345,0.0181452499142408,0.0183058304,gate.io-ssx-usdt-spot
2023-01-25,0.0186866746989146,0.000000826437125364874,0.0000120268835074675,0.017166526311238,0.0186866746989146,0.018563412930000002,gate.io-ssx-usdt-spot
2023-01-26,0.0188079723267737,0.000000813877863111118,0.0000116984507698986,0.0172210165260076,0.0188079723267737,0.018897211980000002,gate.io-ssx-usdt-spot
2023-01-27,0.0189826846704262,0.000000825022419886786,0.0000118498465368843,0.017416368278815,0.0189826846704262,0.018976,gate.io-ssx-usdt-spot
2023-01-28,0.0189181571964461,0.000000820015175256988,0.0000118385039900905,0.0174074414622995,0.0189181571964461,0.0189326781,gate.io-ssx-usdt-spot
2023-01-29,0.018721030270247,0.000000813646194896753,0.000011922799762283,0.0172291089895965,0.018721030270247,0.01871830422,gate.io-ssx-usdt-spot
2023-01-30,0.0192117632622249,0.000000808065875801896,0.0000116696836074902,0.0176728776797466,0.0192117632622249,0.019349773960000004,gate.io-ssx-usdt-spot
2023-01-31,0.0176152539258556,0.000000772618264651243,0.0000112486493043187,0.0162360131157263,0.0176152539258556,0.0176312341,gate.io-ssx-usdt-spot
2023-02-01,0.0177968126873572,0.000000769423810812727,0.0000112295405929812,0.0163843819004629,0.0177968126873572,0.0179547953,gate.io-ssx-usdt-spot
2023-02-02,0.0180270766490949,0.000000759764096394856,0.0000109793857569359,0.0163738322983367,0.0180270766490949,0.01802308132,gate.io-ssx-usdt-spot
2023-02-03,0.0185624492635045,0.000000789703110701862,0.0000112749950749587,0.0170145833100178,0.0185624492635045,0.018547967199999998,gate.io-ssx-usdt-spot
2023-02-04,0.021000432016628,0.000000895700731629446,0.0000126082887975922,0.0194497430019371,0.021000432016628,0.02125570032,gate.io-ssx-usdt-spot
2023-02-05,0.0213762384583906,0.000000915254057447232,0.0000127921231847192,0.019807145607466,0.0213762384583906,0.021088,gate.io-ssx-usdt-spot
2023-02-06,0.0199269634073664,0.000000868004004925858,0.0000122167280513768,0.0184695815031939,0.0199269634073664,0.019927179719999997,gate.io-ssx-usdt-spot
2023-02-07,0.0204136927068747,0.000000897495915002865,0.0000126457356730988,0.019030987082745,0.0204136927068747,0.0200560054,gate.io-ssx-usdt-spot
2023-02-08,0.0203791890171099,0.000000875911339231162,0.0000121832469645175,0.018993327079454,0.0203791890171099,0.020385,gate.io-ssx-usdt-spot
2023-02-09,0.0216602883489342,0.000000944316884160071,0.0000131256194866178,0.0202198093402925,0.0216602883489342,0.021883,gate.io-ssx-usdt-spot
2023-02-10,0.0202438101177933,0.000000927839756707825,0.0000130974846046758,0.0188533942545885,0.0202438101177933,0.020206,gate.io-ssx-usdt-spot
2023-02-11,0.0202411319622678,0.000000936198026847242,0.00001336710063599,0.0189631917672612,0.0202411319622678,0.0204124492,gate.io-ssx-usdt-spot
2023-02-12,0.0204141145412672,0.000000933649338486074,0.0000132543568402325,0.0191290026265724,0.0204141145412672,0.0203700368,gate.io-ssx-usdt-spot
2023-02-13,0.0203336017637148,0.000000933927682889203,0.0000134323936285188,0.0190475183982258,0.0203336017637148,0.01996479259,gate.io-ssx-usdt-spot
2023-02-14,0.0190697466077663,0.000000874810555607239,0.0000126606417661088,0.017771592659687,0.0190697466077663,0.0190424186,gate.io-ssx-usdt-spot
2023-02-15,0.0192327597926825,0.000000865466681040095,0.0000123490626201851,0.0179085808088897,0.0192327597926825,0.0193127921,gate.io-ssx-usdt-spot
2023-02-16,0.020855943691497,0.000000858106389362872,0.0000124673628712537,0.0194920765580744,0.020855943691497,0.020895342719999998,gate.io-ssx-usdt-spot
2023-02-17,0.0220424767573083,0.000000928399463343145,0.0000134086825766278,0.0206582861339546,0.0220424767573083,0.021978,gate.io-ssx-usdt-spot
2023-02-18,0.0215777896047682,0.000000876884436035843,0.000012722409659833,0.0201724537732077,0.0215777896047682,0.02162767608,gate.io-ssx-usdt-spot
2023-02-19,0.0223404867753973,0.000000906803427549346,0.00001321190237293,0.0208828151086369,0.0223404867753973,0.022583387,gate.io-ssx-usdt-spot
2023-02-20,0.0223734516581643,0.000000918186897919295,0.0000132921542083828,0.0209290626360449,0.0223734516581643,0.02228723868,gate.io-ssx-usdt-spot
2023-02-21,0.0222806496006063,0.00000089849143606204,0.0000130994460329711,0.0208357372644451,0.0222806496006063,0.022422242,gate.io-ssx-usdt-spot
2023-02-22,0.0223730449939921,0.000000916913440869787,0.0000135176828423387,0.0210121074734159,0.0223730449939921,0.022464144539999998,gate.io-ssx-usdt-spot
2023-02-23,0.0215868185351607,0.000000893355889660484,0.0000131471325538397,0.0203559602658198,0.0215868185351607,0.02198565955,gate.io-ssx-usdt-spot
2023-02-24,0.0213539413391415,0.000000893095390463741,0.0000129465462998342,0.0201503904568871,0.0213539413391415,0.0212711269,gate.io-ssx-usdt-spot
2023-02-25,0.0230313717974171,0.000000993767108129773,0.0000143203292286255,0.0218467530592126,0.0230313717974171,0.0237513749,gate.io-ssx-usdt-spot
2023-02-26,0.0225228560509702,0.000000972497216523374,0.0000141306234427129,0.0213871231983266,0.0225228560509702,0.0227282726,gate.io-ssx-usdt-spot
2023-02-27,0.0219954785271105,0.000000934304155718484,0.0000134071477440013,0.0208542612444571,0.0219954785271105,0.022023,gate.io-ssx-usdt-spot
2023-02-28,0.0218161245829743,0.000000928180257361886,0.0000133543908878179,0.0205892220263731,0.0218161245829743,0.021713302719999997,gate.io-ssx-usdt-spot
2023-03-01,0.0226241277510613,0.000000977455174822913,0.0000140814417781282,0.0214147299478821,0.0226241277510613,0.022307676599999996,gate.io-ssx-usdt-spot
2023-03-02,0.0217227332832368,0.000000920039258546702,0.0000130725335850283,0.0203603910319541,0.0217227332832368,0.021700603759999996,gate.io-ssx-usdt-spot
2023-03-03,0.0208863855018208,0.000000889917461666346,0.0000126748929826426,0.019722366171349,0.0208863855018208,0.020906881449999998,gate.io-ssx-usdt-spot
2023-03-04,0.0196134407926301,0.000000877555093598594,0.0000124992538413612,0.0184630491573501,0.0196134407926301,0.019604156220000002,gate.io-ssx-usdt-spot
2023-03-05,0.0191649237639361,0.000000858094339599479,0.0000122390520848856,0.0180478677505498,0.0191649237639361,0.019194535440000004,gate.io-ssx-usdt-spot
2023-03-06,0.0190659164700778,0.00000085040463763761,0.0000121933675312146,0.0179613664507143,0.0190659164700778,0.019076,gate.io-ssx-usdt-spot
2023-03-07,0.0191653608182788,0.000000855035222055848,0.0000122264241733281,0.0179372836994658,0.0191653608182788,0.019169082900000002,gate.io-ssx-usdt-spot
2023-03-08,0.0189599913073505,0.000000855030073231493,0.0000121536232774953,0.0179643188693828,0.0189599913073505,0.0189441054,gate.io-ssx-usdt-spot
2023-03-09,0.0180584539926858,0.000000832133723567436,0.0000117703877771694,0.0171181690295181,0.0180584539926858,0.0180551943,gate.io-ssx-usdt-spot
2023-03-10,0.0164826148061115,0.000000809963897741397,0.0000114727998299166,0.0155907631891861,0.0164826148061115,0.016316,gate.io-ssx-usdt-spot
2023-03-11,0.0169982272075182,0.000000839816485112124,0.0000118524815806066,0.0159437303166265,0.0169982272075182,0.0176304915,gate.io-ssx-usdt-spot
2023-03-12,0.0166818010160428,0.000000810377027989596,0.0000112925032972206,0.0154294766794091,0.0166818010160428,0.0166901758,gate.io-ssx-usdt-spot
2023-03-13,0.0167719284366869,0.000000760080830734308,0.0000105716540811529,0.0155204876431384,0.0167719284366869,0.0167171508,gate.io-ssx-usdt-spot
2023-03-14,0.0179435124404416,0.00000074286634430919,0.0000106941153590659,0.0164730349732048,0.0179435124404416,0.017936352,gate.io-ssx-usdt-spot
2023-03-15,0.0190846281418584,0.000000770504041534352,0.0000111809162330351,0.0176787911443485,0.0190846281418584,0.01927629396,gate.io-ssx-usdt-spot
2023-03-16,0.0190365194021388,0.000000779871938151134,0.0000114994241935735,0.0179252888692429,0.0190365194021388,0.0189237598,gate.io-ssx-usdt-spot
2023-03-17,0.0187701974835203,0.000000749511578685594,0.0000111910006691474,0.0176724211152337,0.0187701974835203,0.01847131695,gate.io-ssx-usdt-spot
2023-03-18,0.0192573435436183,0.000000701525714947688,0.0000107521628256434,0.0180090698321302,0.0192573435436183,0.01931312601,gate.io-ssx-usdt-spot
2023-03-19,0.020079025086645,0.000000744060680536957,0.0000113803108786008,0.0187792508754227,0.020079025086645,0.02009430582,gate.io-ssx-usdt-spot
2023-03-20,0.0194008391995685,0.000000688334168915808,0.0000107677723376657,0.0181603689607726,0.0194008391995685,0.019450175999999996,gate.io-ssx-usdt-spot
2023-03-21,0.0199589703206371,0.000000717062919786441,0.0000114879881604633,0.0186277578331243,0.0199589703206371,0.020163128409999998,gate.io-ssx-usdt-spot
2023-03-22,0.0192277403426805,0.000000682493174872671,0.0000106519530961818,0.0178574494743235,0.0192277403426805,0.01923324766,gate.io-ssx-usdt-spot
2023-03-23,0.0187423222230478,0.000000685488472149064,0.0000107821743807582,0.0172587903289308,0.0187423222230478,0.01881205104,gate.io-ssx-usdt-spot
2023-03-24,0.0195259261303407,0.000000687825911069779,0.0000107330074136877,0.0180203077830163,0.0195259261303407,0.0195104379,gate.io-ssx-usdt-spot
2023-03-25,0.0192829892927725,0.000000702115553695617,0.0000110117216513489,0.0179758557287711,0.0192829892927725,0.019277220119999997,gate.io-ssx-usdt-spot
2023-03-26,0.018915934384336,0.000000688128539872932,0.0000108558180281213,0.0176215086321867,0.018915934384336,0.01874779907,gate.io-ssx-usdt-spot
2023-03-27,0.0188921005997232,0.000000673529779460659,0.0000106223159293682,0.0175368332721405,0.0188921005997232,0.018716082000000002,gate.io-ssx-usdt-spot
2023-03-28,0.0174054379443044,0.000000640966314522224,0.000010149694666721,0.0161230720022008,0.0174054379443044,0.01748156177,gate.io-ssx-usdt-spot
2023-03-29,0.0184925582195806,0.000000677781227985386,0.0000104188094980179,0.0170621003122987,0.0184925582195806,0.018480465900000003,gate.io-ssx-usdt-spot
2023-03-30,0.0183871668384517,0.000000647679659708239,0.0000102449803824715,0.016947337641953,0.0183871668384517,0.01834948574,gate.io-ssx-usdt-spot
2023-03-31,0.0181096680492693,0.000000646276265393392,0.0000101069887241324,0.0166203412075776,0.0181096680492693,0.018032360639999998,gate.io-ssx-usdt-spot
2023-04-01,0.0185103609219697,0.000000649151948189936,0.000010148213598785,0.0170801201358508,0.0185103609219697,0.0182967673,gate.io-ssx-usdt-spot
2023-04-02,0.0193691110804737,0.000000679747588267884,0.0000106282602494841,0.0178775761798412,0.0193691110804737,0.01940095113,gate.io-ssx-usdt-spot
2023-04-03,0.0190986313338563,0.000000678170324040291,0.0000106413535236048,0.017677207748716,0.0190986313338563,0.019255465359999998,gate.io-ssx-usdt-spot
2023-04-04,0.0183916439014451,0.000000660358951056271,0.0000101544793796425,0.0168717667525612,0.0183916439014451,0.01834158425,gate.io-ssx-usdt-spot
2023-04-05,0.0186914496523409,0.000000664845885715687,0.0000100051054441785,0.0170661989799894,0.0186914496523409,0.0187482456,gate.io-ssx-usdt-spot
2023-04-06,0.0202507213890219,0.000000718357486493536,0.0000105962280842234,0.0185722497282573,0.0202507213890219,0.020142,gate.io-ssx-usdt-spot
2023-04-07,0.0197503016331238,0.000000704133808400377,0.0000105498790671585,0.0181137991499273,0.0197503016331238,0.019709849999999998,gate.io-ssx-usdt-spot
2023-04-08,0.0199082955087176,0.000000712618928162063,0.0000106670111280855,0.0182619268386486,0.0199082955087176,0.02001980448,gate.io-ssx-usdt-spot
2023-04-09,0.0204423639791424,0.000000731022976481248,0.0000110394830827134,0.0187778514381852,0.0204423639791424,0.0201290595,gate.io-ssx-usdt-spot
2023-04-10,0.0192110068092028,0.000000677450362296399,0.0000103222115051536,0.0176190925460526,0.0192110068092028,0.0194956904,gate.io-ssx-usdt-spot
2023-04-11,0.0210333428023977,0.000000708489991400392,0.0000110000349666332,0.0193383850906863,0.0210333428023977,0.021314483999999998,gate.io-ssx-usdt-spot
2023-04-12,0.0203819934554447,0.000000673849598976171,0.0000107742997205587,0.0186640703550237,0.0203819934554447,0.02033190576,gate.io-ssx-usdt-spot
2023-04-13,0.0188451513117401,0.000000629998631950864,0.00000980609466607783,0.0171405692634709,0.0188451513117401,0.01876475288,gate.io-ssx-usdt-spot
2023-04-14,0.0195831169635097,0.000000644800358612881,0.00000973866275853617,0.0177354841960885,0.0195831169635097,0.019520279999999997,gate.io-ssx-usdt-spot
2023-04-15,0.0202399640723465,0.000000664499293468304,0.00000962784976720965,0.018405735980883,0.0202399640723465,0.02012270094,gate.io-ssx-usdt-spot
2023-04-16,0.0210045384274544,0.00000069225817379112,0.0000100284824601045,0.0191138021093247,0.0210045384274544,0.02095479645,gate.io-ssx-usdt-spot
2023-04-17,0.0205876634549349,0.000000679170996515244,0.00000971406072752104,0.0187432686443516,0.0205876634549349,0.0204473448,gate.io-ssx-usdt-spot
2023-04-18,0.0205780859391839,0.000000698284069867264,0.00000990957383576598,0.0188310774241466,0.0205780859391839,0.02046608992,gate.io-ssx-usdt-spot
2023-04-19,0.0205831541061489,0.000000677816070343358,0.0000097938371935441,0.0187520013990085,0.0205831541061489,0.02045758858,gate.io-ssx-usdt-spot
2023-04-20,0.0194823422477387,0.000000676546702060721,0.0000100617551149416,0.0178081994605414,0.0194823422477387,0.01948937683,gate.io-ssx-usdt-spot
2023-04-21,0.0190329909465459,0.000000673703753812746,0.00000979566880525893,0.0173615085748169,0.0190329909465459,0.019033615699999996,gate.io-ssx-usdt-spot
2023-04-22,0.0194004015983196,0.00000071084517791986,0.0000104890226800138,0.0176422696284364,0.0194004015983196,0.019435334399999997,gate.io-ssx-usdt-spot
2023-04-23,0.0192051313007781,0.000000690148179146904,0.0000102396979966392,0.0175165699935628,0.0192051313007781,0.01917953424,gate.io-ssx-usdt-spot
2023-04-24,0.0191688427085714,0.000000694405399294577,0.000010290242965403,0.0174497325927151,0.0191688427085714,0.01914776588,gate.io-ssx-usdt-spot
2023-04-25,0.0190278027218399,0.000000691412233484236,0.0000103251050011909,0.0172211303281133,0.0190278027218399,0.01902828312,gate.io-ssx-usdt-spot
2023-04-26,0.0191860693716862,0.000000677888444962369,0.0000102706091269834,0.0174882913030818,0.0191860693716862,0.01900027976,gate.io-ssx-usdt-spot
2023-04-27,0.019875166787051,0.000000700218535533637,0.0000106460969514591,0.018006052731651,0.019875166787051,0.0200090004,gate.io-ssx-usdt-spot
2023-04-28,0.0193774053431699,0.000000657629143341232,0.00001014861087543,0.0175749135446263,0.0193774053431699,0.01938539507,gate.io-ssx-usdt-spot
2023-04-29,0.0189425178454645,0.000000645383095998863,0.0000100016712126973,0.0171902742163349,0.0189425178454645,0.018931650220000002,gate.io-ssx-usdt-spot
2023-04-30,0.0190322133865362,0.000000651308246928393,0.00000998621295908379,0.0172672172781346,0.0190322133865362,0.0189643718,gate.io-ssx-usdt-spot
2023-05-01,0.0192325428396979,0.000000655012805198304,0.000010199951561205,0.0174721741533709,0.0192325428396979,0.019198827399999997,gate.io-ssx-usdt-spot
2023-05-02,0.0189275492042585,0.000000673220014920624,0.0000103329093692892,0.0172565758544111,0.0189275492042585,0.01886620671,gate.io-ssx-usdt-spot
2023-05-03,0.0188124141066912,0.000000655700005147117,0.0000100476925172538,0.0170810108679248,0.0188124141066912,0.018813890339999997,gate.io-ssx-usdt-spot
2023-05-04,0.0193898865054172,0.000000667579891570753,0.0000101779032389613,0.017527090429643,0.0193898865054172,0.0194868705,gate.io-ssx-usdt-spot
2023-05-05,0.0189114520038602,0.000000655376539716697,0.0000100751164754051,0.0171633220784809,0.0189114520038602,0.01893389475,gate.io-ssx-usdt-spot
2023-05-06,0.0191244355606845,0.000000647123990209067,0.00000958332437455526,0.0173425993680186,0.0191244355606845,0.019262011679999996,gate.io-ssx-usdt-spot
2023-05-07,0.018723942536154,0.000000647899324700372,0.00000985302227944856,0.0169931818196756,0.018723942536154,0.018744746,gate.io-ssx-usdt-spot
2023-05-08,0.0186843000333458,0.000000649623459863499,0.00000983235540740338,0.0169717949596105,0.0186843000333458,0.018665723199999998,gate.io-ssx-usdt-spot
2023-05-09,0.017559294579753,0.000000633285744372907,0.00000949023695928151,0.0159667742569577,0.017559294579753,0.017594767199999996,gate.io-ssx-usdt-spot
2023-05-10,0.017427252247666,0.000000630453018771074,0.00000942920840229428,0.0159009040859133,0.017427252247666,0.017352538650000002,gate.io-ssx-usdt-spot
2023-05-11,0.0172183921869784,0.000000622816651011588,0.00000934531719223795,0.01568086342564,0.0172183921869784,0.017219280150000002,gate.io-ssx-usdt-spot
2023-05-12,0.0172918515113765,0.000000640764760320001,0.00000963016609615361,0.015848929434353,0.0172918515113765,0.01721039729,gate.io-ssx-usdt-spot
2023-05-13,0.0171802167897004,0.000000641691099895446,0.00000950304597717039,0.0158336724105485,0.0171802167897004,0.017191419670000003,gate.io-ssx-usdt-spot
2023-05-14,0.0165112179146967,0.000000615140006324394,0.00000917502326543504,0.0152355348723976,0.0165112179146967,0.016625308499999998,gate.io-ssx-usdt-spot
2023-05-15,0.0163280401121847,0.000000606578550877185,0.00000907159448497075,0.0150615740314631,0.0163280401121847,0.016235464879999998,gate.io-ssx-usdt-spot
2023-05-16,0.0166141497858749,0.000000610105047240425,0.00000913211274619291,0.0152889213302027,0.0166141497858749,0.01654697032,gate.io-ssx-usdt-spot
2023-05-17,0.0169934371995615,0.00000062878762674612,0.00000931511384419172,0.0156399731345421,0.0169934371995615,0.017440266939999997,gate.io-ssx-usdt-spot
2023-05-18,0.0164720273711441,0.000000601145975840515,0.00000903968912692782,0.0151945107554646,0.0164720273711441,0.01668416781,gate.io-ssx-usdt-spot
2023-05-19,0.016280608094304,0.000000606506929489339,0.00000902570075105241,0.0151029479135418,0.016280608094304,0.016599834,gate.io-ssx-usdt-spot
2023-05-20,0.016742556085391,0.000000622642809433511,0.00000923389823396761,0.0155010227743244,0.016742556085391,0.01768971406,gate.io-ssx-usdt-spot
2023-05-21,0.0168295078048617,0.000000620995380519404,0.00000925042863730937,0.0155783498790135,0.0168295078048617,0.0163897344,gate.io-ssx-usdt-spot
2023-05-22,0.0172103883296496,0.000000642727918798885,0.00000952701450340927,0.0159130881930597,0.0172103883296496,0.017196329210000003,gate.io-ssx-usdt-spot
2023-05-23,0.0167285549260205,0.000000622834755273211,0.00000920058581235202,0.0154682738932627,0.0167285549260205,0.016703507,gate.io-ssx-usdt-spot
2023-05-24,0.0173448232909588,0.000000637048338218175,0.00000935251309309943,0.0160958324512128,0.0173448232909588,0.01718062544,gate.io-ssx-usdt-spot
2023-05-25,0.0167256245423133,0.00000063495505494531,0.00000928612777850093,0.0155472589415514,0.0167256245423133,0.01668583191,gate.io-ssx-usdt-spot
2023-05-26,0.0168387568503255,0.000000635788603675085,0.00000931894447228727,0.0156975773133114,0.0168387568503255,0.01668999854,gate.io-ssx-usdt-spot
2023-05-27,0.0170097117373919,0.000000636581864249005,0.00000929880980237237,0.0158596104055252,0.0170097117373919,0.0170452824,gate.io-ssx-usdt-spot
2023-05-28,0.0169151273120606,0.000000629879606161447,0.00000923933194515016,0.0157713887626118,0.0169151273120606,0.01690525263,gate.io-ssx-usdt-spot
2023-05-29,0.0168512019478625,0.000000599739808801121,0.00000881667899007166,0.0157013540240392,0.0168512019478625,0.016778522750000004,gate.io-ssx-usdt-spot
2023-05-30,0.0162130367000844,0.000000583936400108197,0.00000855633182388025,0.015137475025079,0.0162130367000844,0.016242871399999997,gate.io-ssx-usdt-spot
2023-05-31,0.0162148301477392,0.000000585109068894967,0.00000853038230048413,0.0151094175942822,0.0162148301477392,0.0161206119,gate.io-ssx-usdt-spot
2023-06-01,0.0161855782222259,0.000000594671415225869,0.00000864179149018142,0.015142073889125,0.0161855782222259,0.0161100265,gate.io-ssx-usdt-spot
2023-06-02,0.0161465362803342,0.000000601912870938565,0.00000867218115131838,0.0150145555740585,0.0161465362803342,0.0161637068,gate.io-ssx-usdt-spot
2023-06-03,0.0161353711629919,0.000000592010133485288,0.00000846134096788757,0.0150744575898926,0.0161353711629919,0.01614216384,gate.io-ssx-usdt-spot
2023-06-04,0.0163970580589023,0.000000605517586563606,0.00000866701757268599,0.0153168411205399,0.0163970580589023,0.01604697302,gate.io-ssx-usdt-spot
2023-06-05,0.0162951549731768,0.000000600007446408101,0.00000861126249769857,0.0152358620587633,0.0162951549731768,0.016172850399999997,gate.io-ssx-usdt-spot
2023-06-06,0.0156653827271145,0.000000607518535375933,0.00000864181188253106,0.0146342515985542,0.0156653827271145,0.01610989926,gate.io-ssx-usdt-spot
2023-06-07,0.0153269675159976,0.000000563206318854796,0.00000813899079523627,0.0143243049127027,0.0153269675159976,0.01545332572,gate.io-ssx-usdt-spot
2023-06-08,0.0150451885356678,0.000000571200797058139,0.00000821292154058179,0.014047877009338,0.0150451885356678,0.015056806599999998,gate.io-ssx-usdt-spot
2023-06-09,0.0150519050357958,0.000000567531819894688,0.00000814834125816373,0.0139567899201871,0.0150519050357958,0.01516988173,gate.io-ssx-usdt-spot
2023-06-10,0.0149945383357757,0.000000566458425235924,0.00000815620060645745,0.013948709140153,0.0149945383357757,0.014942701139999999,gate.io-ssx-usdt-spot
2023-06-11,0.0140778690933358,0.000000544320175157582,0.00000803118589805396,0.0131377624170401,0.0140778690933358,0.014173658490000001,gate.io-ssx-usdt-spot
2023-06-12,0.0136209223554872,0.000000525765727697216,0.00000777523717109252,0.0126876996422688,0.0136209223554872,0.01362094314,gate.io-ssx-usdt-spot
2023-06-13,0.0136209223554872,0.000000525767274471241,0.00000781709628292373,0.0126560315882985,0.0136209223554872,0.01362094314,gate.io-ssx-usdt-spot
2023-06-14,0.0142603755060022,0.000000551000836937211,0.00000821012934518992,0.0132157775986957,0.0142603755060022,0.0143872806,gate.io-ssx-usdt-spot
2023-06-15,0.0133354425865342,0.000000531343648595464,0.00000808132972692749,0.0123079120894347,0.0133354425865342,0.0133161372,gate.io-ssx-usdt-spot
2023-06-16,0.0100199274853448,0.000000392029081578914,0.0000060221568948204,0.00915465277083785,0.0100199274853448,0.010019368200000002,gate.io-ssx-usdt-spot
2023-06-17,0.0132902332682057,0.000000504721406289632,0.00000774209382700279,0.0121612412974844,0.0132902332682057,0.013289625999999999,gate.io-ssx-usdt-spot
2023-06-18,0.0128562675804328,0.00000048488287304795,0.000007441793630298,0.0117596944512654,0.0128562675804328,0.01263006108,gate.io-ssx-usdt-spot
2023-06-19,0.0134877744024949,0.000000511793029563222,0.00000784118662855353,0.0123329834723353,0.0134877744024949,0.01339024968,gate.io-ssx-usdt-spot
2023-06-20,0.0132741518708585,0.000000495709926889615,0.00000765088082356721,0.0121544586787176,0.0132741518708585,0.0129574633,gate.io-ssx-usdt-spot
2023-06-21,0.0136966616436223,0.000000483888294974011,0.00000765262407167604,0.0125344808618248,0.0136966616436223,0.01358085138,gate.io-ssx-usdt-spot
2023-06-22,0.0141708146350924,0.000000470798764360781,0.000007480721330761,0.0128719428106272,0.0141708146350924,0.0141205648,gate.io-ssx-usdt-spot
2023-06-23,0.0139578997092633,0.00000046600098321215,0.00000744675186230385,0.0127319743465247,0.0139578997092633,0.01389241676,gate.io-ssx-usdt-spot
2023-06-24,0.0144532868082117,0.000000471738361640528,0.00000764086610533178,0.013265056734931,0.0144532868082117,0.01437290568,gate.io-ssx-usdt-spot
2023-06-25,0.0151324474019369,0.000000495349744150295,0.00000806587823831235,0.0138851174197253,0.0151324474019369,0.01517464462,gate.io-ssx-usdt-spot
2023-06-26,0.0146257088471986,0.000000480043898316412,0.00000769854812800195,0.0133953824630301,0.0146257088471986,0.0146551275,gate.io-ssx-usdt-spot
2023-06-27,0.015035285789514,0.000000496937545567041,0.00000809406873746257,0.0137841366650871,0.015035285789514,0.014997999,gate.io-ssx-usdt-spot
2023-06-28,0.0154017560882745,0.000000502224468357863,0.00000815363279438898,0.014060897585859,0.0154017560882745,0.01549992994,gate.io-ssx-usdt-spot
2023-06-29,0.0156477450851547,0.00000051978881852817,0.00000855222918544774,0.0143402437269997,0.0156477450851547,0.015760423800000003,gate.io-ssx-usdt-spot
2023-06-30,0.0156110218415456,0.000000512495582527282,0.00000842393090847164,0.0143664828471644,0.0156110218415456,0.0156878034,gate.io-ssx-usdt-spot
2023-07-01,0.01505460813557,0.000000493844626834969,0.00000778169742341673,0.0137848333828904,0.01505460813557,0.015017845589999999,gate.io-ssx-usdt-spot
2023-07-02,0.0155244000263466,0.000000507637104145927,0.00000807244385544093,0.0142196742812993,0.0155244000263466,0.01545130017,gate.io-ssx-usdt-spot
2023-07-03,0.0155569691770493,0.000000508493792950144,0.00000803729539538325,0.0142517236271037,0.0155569691770493,0.015608439,gate.io-ssx-usdt-spot
2023-07-04,0.0157114092634188,0.000000504616310035354,0.0000080398007000203,0.0143927780148393,0.0157114092634188,0.015683313659999996,gate.io-ssx-usdt-spot
2023-07-05,0.0155047605730058,0.000000503402176098485,0.00000799882145214492,0.0142500483724667,0.0155047605730058,0.01540099761,gate.io-ssx-usdt-spot
2023-07-06,0.0150239560139206,0.00000049262389788763,0.00000785711821990952,0.0138459513334595,0.0150239560139206,0.014917850820000002,gate.io-ssx-usdt-spot
2023-07-07,0.0150378692991494,0.000000501601228387328,0.00000810939828050029,0.0138176317567612,0.0150378692991494,0.015102604080000002,gate.io-ssx-usdt-spot
2023-07-08,0.0150071000322018,0.000000494795843517003,0.00000802807401726017,0.0136993158582633,0.0150071000322018,0.01502010252,gate.io-ssx-usdt-spot
2023-07-09,0.0143984010501453,0.000000475765993103694,0.00000772422962780825,0.0131422768032323,0.0143984010501453,0.014371730109999998,gate.io-ssx-usdt-spot
2023-07-10,0.0147167727950572,0.000000487904549966315,0.00000790105961525731,0.0134415239387199,0.0147167727950572,0.01467805464,gate.io-ssx-usdt-spot
2023-07-11,0.0150999216729753,0.000000496795288004052,0.00000803042616557559,0.0137273076216896,0.0150999216729753,0.015120418879999998,gate.io-ssx-usdt-spot
2023-07-12,0.0164442324925015,0.000000537108040771988,0.00000875453663070079,0.0149428601649879,0.0164442324925015,0.016400820000000003,gate.io-ssx-usdt-spot
2023-07-13,0.0161392210401026,0.00000053114687134248,0.00000862326499226552,0.0144995431726727,0.0161392210401026,0.01601851943,gate.io-ssx-usdt-spot
2023-07-14,0.0159382959976985,0.000000507028157200923,0.00000796111423769931,0.0141988504780525,0.0159382959976985,0.01592868724,gate.io-ssx-usdt-spot
2023-07-15,0.0162900565434299,0.000000537436337024668,0.00000841803675702089,0.0145309371515362,0.0162900565434299,0.01637367345,gate.io-ssx-usdt-spot
2023-07-16,0.017480782680162,0.000000577097019476765,0.00000905403307207353,0.0155943399749212,0.017480782680162,0.017455060499999998,gate.io-ssx-usdt-spot
2023-07-17,0.0172604047786341,0.000000570596175982647,0.00000896855807240438,0.0154004088508687,0.0172604047786341,0.017260625999999998,gate.io-ssx-usdt-spot
2023-07-18,0.0158714329622441,0.000000526524898987844,0.00000829971552854823,0.0141274546302259,0.0158714329622441,0.01573237068,gate.io-ssx-usdt-spot
2023-07-19,0.0173102330252439,0.000000580184326832108,0.00000912313771645598,0.0154290386762113,0.0173102330252439,0.01730317303,gate.io-ssx-usdt-spot
2023-07-20,0.0156652578115588,0.000000523693457062792,0.00000829061863152064,0.0139871805761775,0.0156652578115588,0.015198367729999999,gate.io-ssx-usdt-spot
2023-07-21,0.0153550765295203,0.000000515174099647588,0.00000811589039132097,0.0137872170271676,0.0153550765295203,0.015466762560000001,gate.io-ssx-usdt-spot
2023-07-22,0.0153550594233558,0.000000513209115173759,0.00000811530971981459,0.0138094432479066,0.0153550594233558,0.0154710829,gate.io-ssx-usdt-spot
2023-07-23,0.0153953771948761,0.000000517909312013111,0.00000827137368637846,0.0138498067281581,0.0153953771948761,0.015378306400000001,gate.io-ssx-usdt-spot
2023-07-24,0.0162820630553506,0.000000541533727642584,0.00000862410273261492,0.014646026801943,0.0162820630553506,0.0162751862,gate.io-ssx-usdt-spot
2023-07-25,0.016302391659223,0.000000558715151381152,0.00000881246441826346,0.0147359610209326,0.016302391659223,0.01630604304,gate.io-ssx-usdt-spot
2023-07-26,0.0163381457137098,0.000000559118552428061,0.00000879551828680408,0.0147871958870254,0.0163381457137098,0.01636103644,gate.io-ssx-usdt-spot
2023-07-27,0.0163136516439427,0.000000555611963356097,0.00000871843162295276,0.0147288186157758,0.0163136516439427,0.0163056522,gate.io-ssx-usdt-spot
2023-07-28,0.0159887093682364,0.000000547526916249726,0.00000860051120133587,0.0145569961746452,0.0159887093682364,0.01601347626,gate.io-ssx-usdt-spot
2023-07-29,0.0166601394798974,0.000000568289042254992,0.00000888533536174247,0.0151094003022518,0.0166601394798974,0.01659150224,gate.io-ssx-usdt-spot
2023-07-30,0.0185773005441326,0.000000632733737156085,0.00000987627497759464,0.0168637844501941,0.0185773005441326,0.018538,gate.io-ssx-usdt-spot
2023-07-31,0.0176277424183066,0.000000602393492424364,0.00000946960954337132,0.0159853957018751,0.0176277424183066,0.01759059264,gate.io-ssx-usdt-spot
2023-08-01,0.0175811022197052,0.000000601684134471747,0.00000947163178757096,0.01597572502529,0.0175811022197052,0.01760106367,gate.io-ssx-usdt-spot
2023-08-02,0.0175635230398158,0.000000595381986844717,0.0000094074014561423,0.0159468513254245,0.0175635230398158,0.017559216000000002,gate.io-ssx-usdt-spot
2023-08-03,0.0169152764244245,0.000000580420280087561,0.00000920161107503537,0.0154208045945315,0.0169152764244245,0.01693249534,gate.io-ssx-usdt-spot
2023-08-04,0.0168776239112172,0.000000578152388618705,0.00000919302493612702,0.015418434116515,0.0168776239112172,0.01699437226,gate.io-ssx-usdt-spot
2023-08-05,0.0171546161831796,0.000000590372945415577,0.00000939323458595469,0.0156244466211698,0.0171546161831796,0.01719499629,gate.io-ssx-usdt-spot
2023-08-06,0.0172076128279389,0.000000592281559496351,0.00000937550204477614,0.0156866219106694,0.0172076128279389,0.017269097799999997,gate.io-ssx-usdt-spot
2023-08-07,0.0172098353250883,0.000000592461087000119,0.00000942002140200708,0.0156757874204723,0.0172098353250883,0.01720766112,gate.io-ssx-usdt-spot
2023-08-08,0.0171883197858609,0.000000589360459766843,0.00000941379072496617,0.0156143419902875,0.0171883197858609,0.01711246952,gate.io-ssx-usdt-spot
2023-08-09,0.0162594997763421,0.000000545996190692561,0.00000875719526440014,0.0148406975166106,0.0162594997763421,0.01625514604,gate.io-ssx-usdt-spot
2023-08-10,0.0164203817781472,0.000000555062459174964,0.00000885040596824844,0.0149631457439841,0.0164203817781472,0.01629609516,gate.io-ssx-usdt-spot
2023-08-11,0.0165456568026167,0.000000562200710163735,0.00000893929503905426,0.0150904937430647,0.0165456568026167,0.01668295972,gate.io-ssx-usdt-spot
2023-08-12,0.0165517229188352,0.00000056298789482381,0.00000896342121979891,0.0151133709798911,0.0165517229188352,0.01656075008,gate.io-ssx-usdt-spot
2023-08-13,0.0164847567393334,0.000000560406100836882,0.00000891739673110126,0.0150895098568123,0.0164847567393334,0.01641413158,gate.io-ssx-usdt-spot
2023-08-14,0.0164714026554571,0.000000562430393615725,0.00000895692908401141,0.0150479898349539,0.0164714026554571,0.016426657780000003,gate.io-ssx-usdt-spot
2023-08-15,0.0164872842680656,0.000000560620902665654,0.00000894180944788673,0.015127342164651,0.0164872842680656,0.0164723364,gate.io-ssx-usdt-spot
2023-08-16,0.0162380724091352,0.000000556716149382614,0.00000888723841382921,0.0148899794708917,0.0162380724091352,0.016200646739999998,gate.io-ssx-usdt-spot
2023-08-17,0.0153944289021805,0.000000535378463979346,0.00000851960441772601,0.0141467489675121,0.0153944289021805,0.015231852499999999,gate.io-ssx-usdt-spot
2023-08-18,0.013719153178699,0.000000514586031789754,0.00000812313510733804,0.0126220677941977,0.013719153178699,0.013681872280090357,gate.io-ssx-usdt-spot
2023-08-19,0.0136859272513879,0.000000525626414421806,0.00000824128570430177,0.0126682955886182,0.0136859272513879,0.01353090494459489,null
2023-08-20,0.0139779321779928,0.000000535676474400837,0.00000837572530642116,0.0129430856779469,0.0139779321779928,0.01353090494459489,null
2023-08-21,0.0143506253615778,0.000000548226104401762,0.00000852396709789482,0.0132138105967929,0.0143506253615778,0.013805149304638411,null
2023-08-22,0.014305077832714,0.000000547480953523107,0.00000857985282108371,0.0131268470953644,0.014305077832714,0.01353090494459489,null
2023-08-23,0.0139353957318836,0.000000536426331815018,0.00000853943455842385,0.0128479750613625,0.0139353957318836,0.01353090494459489,null
2023-08-24,0.014309039139138,0.000000540939604551082,0.00000852289390401062,0.0131779577265875,0.014309039139138,0.013805149304638411,null
2023-08-25,0.0144402616803935,0.000000552699328370256,0.00000871659551499423,0.0133648447548982,0.0144402616803935,0.013805149304638411,null
2023-08-26,0.0144162233176243,0.000000553599671854163,0.00000872141470728112,0.0133607849117299,0.0144162233176243,0.01353090494459489,null
2023-08-27,0.0144060977960055,0.000000553949141140513,0.00000875256639420412,0.0133495539233843,0.0144060977960055,0.013805149304638411,null
2023-08-28,0.0144584121440232,0.00000055425177931856,0.00000872695198914216,0.0133927421163494,0.0144584121440232,0.013805149304638411,null
2023-08-29,0.0140277023507405,0.000000537392396371404,0.00000848716373122999,0.0129437990801464,0.0140277023507405,0.013805149304638411,null
2023-08-30,0.0135294367069499,0.00000048891760998032,0.00000783427433778489,0.012434920004892,0.0135294367069499,0.013805149304638411,null
2023-08-31,0.0140765343772929,0.000000515642899820319,0.00000825582299802431,0.0128743449771926,0.0140765343772929,0.013805149304638411,null
2023-09-01,0.0140633250929704,0.00000054183769515061,0.00000854561733686626,0.0129651014023581,0.0140633250929704,0.013805149304638411,null
2023-09-02,0.0140805120553541,0.000000545697300859106,0.00000864496225661081,0.013066551635889,0.0140805120553541,0.013805149304638411,null
2023-09-03,0.013330387040599,0.000000515317552818403,0.00000814376107871961,0.0123751693321131,0.013330387040599,0.013805149304638411,null
2023-09-04,0.0132961064046055,0.000000512126414762898,0.00000812936730009791,0.0123407089308425,0.0132961064046055,0.013300791249233286,gate.io-ssx-usdt-spot
2023-09-05,0.0132721116008365,0.000000514432387705142,0.00000815531956470078,0.0122921119372008,0.0132721116008365,0.013805149304638411,null
2023-09-06,0.01311457175997,0.000000508664475661308,0.00000803233336502382,0.0122321525821236,0.01311457175997,0.013805149304638411,null
2023-09-07,0.0131930078523228,0.000000512254524894307,0.00000808199020803775,0.0123075526818525,0.0131930078523228,0.013805149304638411,null
2023-09-08,0.0132588075653839,0.000000505856609799215,0.00000805477064168117,0.0124008839049365,0.0132588075653839,0.013805149304638411,null
2023-09-09,0.0138596039934125,0.000000535022793147063,0.00000846964745329719,0.0129556114484814,0.0138596039934125,0.013805149304638411,null
2023-09-10,0.0138447358906403,0.0000005346568349382,0.00000846940549581434,0.012948332654209,0.0138447358906403,0.013805149304638411,null
2023-09-11,0.0138505947376051,0.000000536190837625177,0.00000856340271465317,0.0129366610959131,0.0138505947376051,0.013805149304638411,null
2023-09-12,0.0132415308949668,0.000000526815601748459,0.00000854645395322258,0.0123301433618127,0.0132415308949668,0.013805149304638411,null
2023-09-13,0.0127181345899461,0.000000491812886511438,0.00000797870722365373,0.0118267931280641,0.0127181345899461,0.013805149304638411,null
2023-09-14,0.0132289576691454,0.000000504404807253327,0.00000822840052479421,0.0123295903186697,0.0132289576691454,0.013805149304638411,null
2023-09-15,0.0132559657113797,0.000000499169200445629,0.00000814487006900239,0.0124569788938505,0.0132559657113797,0.013805149304638411,null
2023-09-16,0.0134604832767598,0.000000504655532680674,0.00000818802599064142,0.0126173977383975,0.0134604832767598,0.013805149304638411,null
2023-09-17,0.0134630116154129,0.000000506973795058626,0.00000823566659922312,0.0126150236210031,0.0134630116154129,0.013805149304638411,null
2023-09-18,0.0134457059711764,0.000000507338568431584,0.00000829684524151494,0.0125969454260377,0.0134457059711764,0.013538433917747285,gate.io-ssx-usdt-spot
2023-09-19,0.013469663082121,0.000000503263528121086,0.00000822500701523142,0.0125883465694358,0.013469663082121,0.013458931672580573,gate.io-ssx-usdt-spot
2023-09-20,0.0135984060028454,0.000000499664919248934,0.00000827414714328124,0.0127312378505726,0.0135984060028454,0.013642118051747382,gate.io-ssx-usdt-spot
2023-09-21,0.0135894088446615,0.000000500836864520062,0.00000837472801253442,0.0127544557334155,0.0135894088446615,0.013570860714446329,gate.io-ssx-usdt-spot
2023-09-22,0.0135999637456785,0.000000511823381180525,0.00000858210656318954,0.0127578452044006,0.0135999637456785,0.013593947950470744,gate.io-ssx-usdt-spot
2023-09-23,0.0143327485770328,0.000000539207290311328,0.000008993799452024,0.0134641745941467,0.0143327485770328,0.014205588927894634,gate.io-ssx-usdt-spot
2023-09-24,0.0144173743835033,0.000000542500590528904,0.0000090508311161353,0.0135498740081747,0.0144173743835033,0.014424970031197354,gate.io-ssx-usdt-spot
2023-09-25,0.0143986444975229,0.000000547755206562581,0.00000910591521803701,0.0135215444400571,0.0143986444975229,0.014392317974558564,gate.io-ssx-usdt-spot
2023-09-26,0.0143848371482133,0.000000547184806824118,0.00000906101810397426,0.0135695864575389,0.0143848371482133,0.014391134711535539,gate.io-ssx-usdt-spot
2023-09-27,0.0140098934569217,0.000000534840260087144,0.0000087999801396111,0.0132516417697361,0.0140098934569217,0.014020838814601614,gate.io-ssx-usdt-spot
2023-09-28,0.0141087423131727,0.000000535719094175874,0.00000883745015854885,0.0134258037798423,0.0141087423131727,0.014065781758534015,gate.io-ssx-usdt-spot
2023-09-29,0.0141594955252411,0.000000523777334687142,0.00000856648718998842,0.0134016930151792,0.0141594955252411,0.014073577839700568,gate.io-ssx-usdt-spot
2023-09-30,0.0145262225813647,0.000000539782499353604,0.00000871107483239638,0.0137376092454082,0.0145262225813647,0.014550383559826486,gate.io-ssx-usdt-spot
2023-10-01,0.0150981958112364,0.00000055965480948434,0.00000903469399575087,0.0142791979772918,0.0150981958112364,0.015201210653880545,gate.io-ssx-usdt-spot
2023-10-02,0.0151046461427681,0.000000540413867209715,0.00000872320075749295,0.0142951264430427,0.0151046461427681,0.015124027028794854,gate.io-ssx-usdt-spot
2023-10-03,0.015169055131791,0.000000550283539530126,0.00000912044393924403,0.0144726574679085,0.015169055131791,0.015256036016778106,gate.io-ssx-usdt-spot
2023-10-04,0.0154980624745121,0.000000564815850996093,0.00000935363448129312,0.0148045099616535,0.0154980624745121,0.015528445150413754,gate.io-ssx-usdt-spot
2023-10-05,0.0146806419270401,0.000000528132865865837,0.00000890291416967102,0.0139750675605571,0.0146806419270401,0.014723866892753608,gate.io-ssx-usdt-spot
2023-10-06,0.014484845919402,0.000000528136208834157,0.00000898000314902199,0.0137395921249891,0.014484845919402,0.014462619680706487,gate.io-ssx-usdt-spot
2023-10-07,0.0156471706024254,0.000000559988229596331,0.0000095077579073766,0.0147848939512462,0.0156471706024254,0.015543830900260291,gate.io-ssx-usdt-spot
2023-10-08,0.0145483461604398,0.000000520089921215351,0.00000889727714396648,0.0137491064897551,0.0145483461604398,0.014546773315553431,gate.io-ssx-usdt-spot
2023-10-09,0.0155585401243708,0.000000556928640506344,0.00000952763933791435,0.0147299191552802,0.0155585401243708,0.015290358512922313,gate.io-ssx-usdt-spot
2023-10-10,0.0143902698237954,0.000000521550105836091,0.00000911033408691082,0.0136103125051366,0.0143902698237954,0.014339155135480857,gate.io-ssx-usdt-spot
2023-10-11,0.0143107455942349,0.000000521912890169536,0.00000912484261426017,0.0134964163762555,0.0143107455942349,0.014338858265511517,gate.io-ssx-usdt-spot
2023-10-12,0.0138090277517647,0.000000514721146780079,0.00000882189882337313,0.0130014472041635,0.0138090277517647,0.013788541214387743,gate.io-ssx-usdt-spot
2023-10-13,0.0137616967019858,0.000000514622542987506,0.00000894719932994323,0.0130626709857261,0.0137616967019858,0.013775370058629438,gate.io-ssx-usdt-spot
2023-10-14,0.0147182249021613,0.000000548319049604711,0.00000949403145841472,0.0140094976678843,0.0147182249021613,0.014415888813151964,gate.io-ssx-usdt-spot
2023-10-15,0.0163994348833054,0.000000610507090084093,0.0000105417705247803,0.0156141412769244,0.0163994348833054,0.016307532364980813,gate.io-ssx-usdt-spot
2023-10-16,0.0162935438119471,0.000000600566148645908,0.000010469437728917,0.0154918221382853,0.0162935438119471,0.01625486008262283,gate.io-ssx-usdt-spot
2023-10-17,0.0209295280259446,0.000000734194391174581,0.0000130728344609263,0.0198226290734687,0.0209295280259446,0.02088886726359591,gate.io-ssx-usdt-spot
2023-10-18,0.0196616154814823,0.000000691501903362672,0.0000125609697201386,0.0185906245018852,0.0196616154814823,0.019447844649810486,gate.io-ssx-usdt-spot
2023-10-19,0.0194527429494084,0.00000068669484022347,0.0000124425144730231,0.0184637212353044,0.0194527429494084,0.01943688385522599,gate.io-ssx-usdt-spot
2023-10-20,0.0168679682518257,0.000000587931605022167,0.000010768425834082,0.0159461462336765,0.0168679682518257,0.01682899812416058,gate.io-ssx-usdt-spot
2023-10-21,0.0175813156824422,0.000000591864142164465,0.0000109501755653813,0.016589794626914,0.0175813156824422,0.017499689632886825,gate.io-ssx-usdt-spot
2023-10-22,0.0182045821288671,0.000000608390137751268,0.0000111770046786131,0.0171800191681025,0.0182045821288671,0.018247329430487666,gate.io-ssx-usdt-spot
2023-10-23,0.0172137672604407,0.000000574095377392598,0.0000103508456473843,0.0162465864289281,0.0172137672604407,0.017244771250111705,gate.io-ssx-usdt-spot
2023-10-24,0.0175128259285772,0.000000531429753332668,0.00000993319486965593,0.0164156401452657,0.0175128259285772,0.01756252888451642,gate.io-ssx-usdt-spot
2023-10-25,0.0174907128522939,0.000000516240229904428,0.00000980078765382106,0.0165087313852127,0.0174907128522939,0.01772719154476377,gate.io-ssx-usdt-spot
2023-10-26,0.0176062917680569,0.000000510495111112775,0.00000985635587393559,0.0166692222363754,0.0176062917680569,0.017606206212016553,gate.io-ssx-usdt-spot
2023-10-27,0.0171664206424876,0.000000502213903238438,0.00000951252277684959,0.0162490966707855,0.0171664206424876,0.017217071748488945,gate.io-ssx-usdt-spot
2023-10-28,0.0172802202700872,0.000000509787049223834,0.00000970337306233275,0.0163549810658855,0.0172802202700872,0.01747441653803807,gate.io-ssx-usdt-spot
2023-10-29,0.0177268321172157,0.000000519976704523721,0.00000998014454870344,0.0167894461403675,0.0177268321172157,0.017655118504410518,gate.io-ssx-usdt-spot
2023-10-30,0.0183451980155738,0.000000530601574028902,0.0000102047057455851,0.0173779220451259,0.0183451980155738,0.01838302452393413,gate.io-ssx-usdt-spot
2023-10-31,0.0188048256593886,0.00000054514475743958,0.0000103929340240962,0.0177233113731744,0.0188048256593886,0.018842406161266527,gate.io-ssx-usdt-spot
2023-11-01,0.0186330147600428,0.000000537960080096352,0.0000102743733479564,0.0176175938823778,0.0186330147600428,0.018668569596159347,gate.io-ssx-usdt-spot
2023-11-02,0.0198000841198821,0.000000558819586865318,0.0000107254685244822,0.0187133771560783,0.0198000841198821,0.019773037321181745,gate.io-ssx-usdt-spot
2023-11-03,0.0193498943138964,0.000000554709748819343,0.0000107545948913846,0.0182366011842872,0.0193498943138964,0.019302414033550895,gate.io-ssx-usdt-spot
2023-11-04,0.0199144730988954,0.000000573768174223175,0.0000108667061966362,0.0185730679708155,0.0199144730988954,0.020029561345625158,gate.io-ssx-usdt-spot
2023-11-05,0.0201885843479942,0.000000575319610370467,0.0000108568249430474,0.0188294367584345,0.0201885843479942,0.02021793252414293,gate.io-ssx-usdt-spot
2023-11-06,0.0197426031860032,0.000000562386541826324,0.0000104097479519523,0.0184196287046705,0.0197426031860032,0.019758879489491142,gate.io-ssx-usdt-spot
2023-11-07,0.0193355035578046,0.000000552163482849616,0.0000101826636591965,0.0180426460056285,0.0193355035578046,0.019328202203792964,gate.io-ssx-usdt-spot
2023-11-08,0.0196136443849419,0.000000553768713595125,0.00001039854686631,0.0183424467662458,0.0196136443849419,0.01960804098213728,gate.io-ssx-usdt-spot
2023-11-09,0.0203826766801805,0.000000569381995863404,0.0000107693554102144,0.0190388558284698,0.0203826766801805,0.020292095878374734,gate.io-ssx-usdt-spot
2023-11-10,0.0193661100514003,0.00000052804192722272,0.00000915305997236335,0.0181643375223622,0.0193661100514003,0.01930500127314051,gate.io-ssx-usdt-spot
2023-11-11,0.0200581218199343,0.000000536779951582859,0.00000963989331518306,0.0187837424525243,0.0200581218199343,0.020023680492806752,gate.io-ssx-usdt-spot
2023-11-12,0.0210769894087375,0.000000569957506726047,0.000010299922315787,0.0197621342056016,0.0210769894087375,0.021021623740000002,gate.io-ssx-usdt-spot
2023-11-13,0.021175667059849,0.000000571491435292059,0.0000103551220431136,0.019828211815211,0.021175667059849,0.02117124370931535,gate.io-ssx-usdt-spot
2023-11-14,0.022041290544612,0.000000603155976419159,0.0000106865011593521,0.0206040924584701,0.022041290544612,0.022003127323248592,gate.io-ssx-usdt-spot
2023-11-15,0.0213514086642954,0.000000599915666850049,0.0000107702435138322,0.0196318103858782,0.0213514086642954,0.02115785709217414,gate.io-ssx-usdt-spot
2023-11-16,0.0212052730768975,0.000000560384854909504,0.0000103124648426876,0.019551996814615,0.0212052730768975,0.021197666983374802,gate.io-ssx-usdt-spot
2023-11-17,0.0246667532688054,0.000000682148157449257,0.0000125873974754124,0.0227460979449569,0.0246667532688054,0.024479884898771988,gate.io-ssx-usdt-spot
2023-11-18,0.0229785966971433,0.000000628350495720082,0.0000117306440327112,0.0210842665599096,0.0229785966971433,0.023025989458318002,gate.io-ssx-usdt-spot
2023-11-19,0.0218400218732088,0.000000597090196919724,0.0000111292746272536,0.0200441073943863,0.0218400218732088,0.02188521305596155,gate.io-ssx-usdt-spot
2023-11-20,0.0221618133886732,0.000000591885641602792,0.0000110269758612231,0.0203320485678714,0.0221618133886732,0.02219158358192604,gate.io-ssx-usdt-spot
2023-11-21,0.0219475613542571,0.00000058501790932978,0.0000108422086219962,0.0200639839521398,0.0219475613542571,0.021948022180716387,gate.io-ssx-usdt-spot
2023-11-22,0.0205344301305358,0.000000569846296003424,0.0000105547359708784,0.0188176954128804,0.0205344301305358,0.020097508581929758,gate.io-ssx-usdt-spot
2023-11-23,0.0214581157101077,0.000000573699858114749,0.0000103943601978361,0.0197136700432396,0.0214581157101077,0.02146262146190402,gate.io-ssx-usdt-spot
2023-11-24,0.0217326662695285,0.000000582462205611936,0.0000105333507380973,0.0199376415290591,0.0217326662695285,0.021903441530099932,gate.io-ssx-usdt-spot
2023-11-25,0.0216060631126576,0.000000572819712831999,0.0000103910242065556,0.0197547690976846,0.0216060631126576,0.02117978011661913,gate.io-ssx-usdt-spot
2023-11-26,0.0229829687054213,0.000000608013016907459,0.0000110254566243361,0.021022186954794,0.0229829687054213,0.02300622122930478,gate.io-ssx-usdt-spot
2023-11-27,0.0224060941398505,0.000000597771527572991,0.0000108484459216545,0.0204929497314719,0.0224060941398505,0.022409392141605654,gate.io-ssx-usdt-spot
2023-11-28,0.0209323049233266,0.000000562254346005907,0.0000103255134556236,0.0191129034882984,0.0209323049233266,0.02089887199602383,gate.io-ssx-usdt-spot
2023-11-29,0.0224834506995188,0.000000594352701018994,0.0000109689379409987,0.0204379628586681,0.0224834506995188,0.022559885420120485,gate.io-ssx-usdt-spot
2023-11-30,0.0215080742631296,0.000000568292275011085,0.0000106011399584505,0.0196058291055776,0.0215080742631296,0.021545185066900556,gate.io-ssx-usdt-spot
2023-12-01,0.0215534835357822,0.000000571517737402868,0.0000105085359217136,0.019795681739172,0.0215534835357822,0.021955742171410764,gate.io-ssx-usdt-spot
2023-12-02,0.0213698294294156,0.000000552141273769455,0.0000102438717308996,0.0196454937026623,0.0213698294294156,0.02137171656258066,gate.io-ssx-usdt-spot
2023-12-03,0.0215894136859029,0.000000547089872296065,0.00000997316909219561,0.0198503651081655,0.0215894136859029,0.021639106425718358,gate.io-ssx-usdt-spot
2023-12-04,0.021563271418201,0.00000053937544018173,0.00000983028568965243,0.0198065415185821,0.021563271418201,0.021398494982461626,gate.io-ssx-usdt-spot
2023-12-05,0.0214354653754742,0.000000511460563169928,0.00000957786830647014,0.0197999295112425,0.0214354653754742,0.021466524834456983,null
2023-12-06,0.0210765402331067,0.000000478283922524027,0.00000919767067360445,0.019539069294755,0.0210765402331067,0.02130536771056806,gate.io-ssx-usdt-spot
2023-12-07,0.0217757216620485,0.000000497778176261608,0.00000975779375302119,0.020238634804006,0.0217757216620485,0.021498453849196356,gate.io-ssx-usdt-spot
2023-12-08,0.0227585053319977,0.000000525811659846171,0.00000966638270771735,0.0211045137921399,0.0227585053319977,0.02248653465570742,gate.io-ssx-usdt-spot
2023-12-09,0.0222909271801602,0.000000504261980617026,0.00000944812120211156,0.02074084563998,0.0222909271801602,0.022141453289563053,gate.io-ssx-usdt-spot
2023-12-10,0.02274527248278,0.000000520010726074073,0.00000971206545988668,0.021165988831955,0.02274527248278,0.022619108209515168,gate.io-ssx-usdt-spot
2023-12-11,0.0230220165796323,0.000000526425540045422,0.00000979223995431705,0.0214064523962173,0.0230220165796323,0.023030752041213617,gate.io-ssx-usdt-spot
2023-12-12,0.0207702638272973,0.000000504011571320459,0.00000934812343442195,0.0193215506905418,0.0207702638272973,0.02077605774388011,gate.io-ssx-usdt-spot
2023-12-13,0.0210113833096195,0.000000506697969284877,0.00000954524765071012,0.0194759933281175,0.0210113833096195,0.021000781408813618,gate.io-ssx-usdt-spot
2023-12-14,0.0207225318185708,0.000000482603285973167,0.00000916573917391915,0.019070602230632,0.0207225318185708,0.020757009140856535,gate.io-ssx-usdt-spot
2023-12-15,0.0217032070762399,0.000000504337087894349,0.00000935662339592006,0.0197455223713543,0.0217032070762399,0.02164690144374374,gate.io-ssx-usdt-spot
2023-12-16,0.0208734604889301,0.000000497246468299752,0.00000939626479975835,0.0191769151312283,0.0208734604889301,0.021049869464058492,gate.io-ssx-usdt-spot
2023-12-17,0.0210086794263395,0.000000497798091963733,0.00000944338228293178,0.0192788943862702,0.0210086794263395,0.02098915797854299,gate.io-ssx-usdt-spot
2023-12-18,0.0211233774785107,0.000000509873467513429,0.00000960123864579776,0.0193997168750751,0.0211233774785107,0.021093263546545,gate.io-ssx-usdt-spot
2023-12-19,0.0202597813938573,0.000000475183135775855,0.00000914293519485949,0.0185470644331411,0.0202597813938573,0.020176125879577858,gate.io-ssx-usdt-spot
2023-12-20,0.0201539435576638,0.00000047676970247096,0.00000926159630997747,0.018362564124064,0.0201539435576638,0.02015311798897114,gate.io-ssx-usdt-spot
2023-12-21,0.0206347313624283,0.000000473217698683137,0.00000939696965603575,0.0188696409638562,0.0206347313624283,0.020663624961575623,gate.io-ssx-usdt-spot
2023-12-22,0.0202646613344052,0.000000461922755611248,0.00000905594941196914,0.0184232794658667,0.0202646613344052,0.02035586441960886,gate.io-ssx-usdt-spot
2023-12-23,0.0219831304952148,0.000000499508734896822,0.00000944982033206027,0.0199960424735571,0.0219831304952148,0.022524492836478054,gate.io-ssx-usdt-spot
2023-12-24,0.0210285737561033,0.000000480446585516995,0.00000909924520296587,0.0191925617782663,0.0210285737561033,0.02101344542507044,gate.io-ssx-usdt-spot
2023-12-25,0.0205552729954244,0.000000476944729139714,0.00000906229335772953,0.01881591820004,0.0205552729954244,0.020526555907074785,gate.io-ssx-usdt-spot
2023-12-26,0.0207074724036024,0.000000474683451384031,0.00000910515187157902,0.0188632590629913,0.0207074724036024,0.020617335692729024,gate.io-ssx-usdt-spot
2023-12-27,0.0211666600615419,0.000000498143108794671,0.0000094941352973042,0.0192007442244548,0.0211666600615419,0.021194745561757128,gate.io-ssx-usdt-spot
2023-12-28,0.0206052206581241,0.00000047437069560037,0.00000866287227405471,0.0185630193113815,0.0206052206581241,0.02067101471825063,gate.io-ssx-usdt-spot
2023-12-29,0.0206406935946674,0.000000483720759338169,0.0000087779067352097,0.0186902081517931,0.0206406935946674,0.0206294010546039,gate.io-ssx-usdt-spot
2023-12-30,0.0199783712176944,0.000000475691323683813,0.00000870159452060643,0.0181574568563347,0.0199783712176944,0.01998769614486284,gate.io-ssx-usdt-spot
2023-12-31,0.0200231244484405,0.000000474431123480213,0.00000872941217936178,0.0182086908127959,0.0200231244484405,0.02003815012984942,gate.io-ssx-usdt-spot
2024-01-01,0.0210389188615672,0.000000498349947364953,0.00000923133823248481,0.0191099715503693,0.0210389188615672,0.02195249196131973,gate.io-ssx-usdt-spot
2024-01-02,0.0209159737415273,0.000000474829142194732,0.00000891012730208423,0.0189858565441113,0.0209159737415273,0.020895919432035413,gate.io-ssx-usdt-spot
2024-01-03,0.0203792534897468,0.000000453465225773646,0.0000086439539640555,0.0186459709692249,0.0203792534897468,0.020339509039300378,gate.io-ssx-usdt-spot
2024-01-04,0.0198197632710154,0.000000463363836294905,0.00000897901238285024,0.018206004895804,0.0198197632710154,0.01977817020734123,gate.io-ssx-usdt-spot
2024-01-05,0.0194447489659376,0.000000439421954332523,0.00000855774990898068,0.0177950953475904,0.0194447489659376,0.019447494125656065,gate.io-ssx-usdt-spot
2024-01-06,0.0196187578382167,0.000000444402995754642,0.00000865160630807151,0.0179732230681854,0.0196187578382167,0.01961763529414696,gate.io-ssx-usdt-spot
2024-01-07,0.0197637503959815,0.000000450015016158679,0.00000882730394347213,0.0181300997794082,0.0197637503959815,0.01963080559357426,gate.io-ssx-usdt-spot
2024-01-08,0.0191483348073124,0.000000436735909794401,0.00000863132985655007,0.0175449057876858,0.0191483348073124,0.019089864988605244,gate.io-ssx-usdt-spot
2024-01-09,0.01839643824874,0.000000391569171857574,0.00000788767047963694,0.0168113534726059,0.01839643824874,0.01838701192923776,gate.io-ssx-usdt-spot
2024-01-10,0.0182871433146586,0.000000396822581566109,0.00000781615924998417,0.0167574177376874,0.0182871433146586,0.018264255442303035,gate.io-ssx-usdt-spot
2024-01-11,0.0191345641237151,0.000000408697465291809,0.00000738545871087298,0.0174582546279095,0.0191345641237151,0.019187410163795028,gate.io-ssx-usdt-spot
2024-01-12,0.0194407314634929,0.000000419154084964145,0.00000742381297889952,0.0177304719064772,0.0194407314634929,0.019444785621542834,gate.io-ssx-usdt-spot
2024-01-13,0.0193542705217672,0.000000452018495263325,0.00000768288201468703,0.0177334983469156,0.0193542705217672,0.019457292364985473,gate.io-ssx-usdt-spot
2024-01-14,0.018971282398524,0.000000442768514897624,0.00000735315969210996,0.0173831602331586,0.018971282398524,0.01900022114023006,gate.io-ssx-usdt-spot
2024-01-15,0.0191670216131624,0.000000457576212250587,0.00000773144026679659,0.0175503488323023,0.0191670216131624,0.01918346870813397,gate.io-ssx-usdt-spot
2024-01-16,0.0186972147837262,0.000000439635314367313,0.0000074409724679131,0.0170989479313471,0.0186972147837262,0.018649992482271237,gate.io-ssx-usdt-spot
2024-01-17,0.0194800589285749,0.000000451225524764972,0.00000751955733196017,0.0179251290797952,0.0194800589285749,0.019467996037826563,gate.io-ssx-usdt-spot
2024-01-18,0.0196993091307965,0.000000461457722050567,0.00000780317986849979,0.0181260556851234,0.0196993091307965,0.019619837581263712,gate.io-ssx-usdt-spot
2024-01-19,0.0187591693128466,0.00000045463650121617,0.00000760487025656264,0.0172660258536741,0.0187591693128466,0.01869273926729461,gate.io-ssx-usdt-spot
2024-01-20,0.0186733340463059,0.00000044880428248403,0.00000749915196219341,0.0171643927364222,0.0186733340463059,0.018684802971246656,gate.io-ssx-usdt-spot
2024-01-21,0.0184564219436415,0.000000442932613478185,0.00000747303416337202,0.0169675507522728,0.0184564219436415,0.018438313893042624,gate.io-ssx-usdt-spot
2024-01-22,0.0184166600774665,0.000000443378439972531,0.00000750294736074637,0.0169292270613061,0.0184166600774665,0.018388656632410686,gate.io-ssx-usdt-spot
2024-01-23,0.0180323852934465,0.000000455626747717504,0.00000779878062986983,0.016591221275117,0.0180323852934465,0.018079126432760186,gate.io-ssx-usdt-spot
2024-01-24,0.0168980502358655,0.000000425243892479049,0.00000754717445546296,0.0155871974891,0.0168980502358655,0.01698105867234103,gate.io-ssx-usdt-spot
2024-01-25,0.0172136339629549,0.00000042924780283199,0.0000077065034976387,0.015827043725034,0.0172136339629549,0.017237699033800756,gate.io-ssx-usdt-spot
2024-01-26,0.0172275309545781,0.000000431576662057403,0.00000776680268192921,0.0158999962162507,0.0172275309545781,0.017301365931010698,gate.io-ssx-usdt-spot
2024-01-27,0.0155349398207884,0.000000371110093700036,0.00000685299542918523,0.0143300085751442,0.0155349398207884,0.015557567896997512,gate.io-ssx-usdt-spot
2024-01-28,0.0156006767815165,0.000000370339825645948,0.00000688275196945799,0.0144118570642335,0.0156006767815165,0.015610107396934506,gate.io-ssx-usdt-spot
2024-01-29,0.0143864818943256,0.000000342673819089136,0.00000637954344091798,0.0132768772415461,0.0143864818943256,0.014498378579645286,gate.io-ssx-usdt-spot
2024-01-30,0.0144694682872457,0.000000334799205988916,0.00000625050076100144,0.0133663978099039,0.0144694682872457,0.014412489814303634,gate.io-ssx-usdt-spot
2024-01-31,0.0145579430951756,0.00000033895051801077,0.00000619929543873776,0.013437411627538,0.0145579430951756,0.014489966261674819,gate.io-ssx-usdt-spot
2024-02-01,0.0141791496387481,0.0000003329261756585,0.00000620750374964944,0.0131252692089687,0.0141791496387481,0.01418100363489499,gate.io-ssx-usdt-spot
2024-02-02,0.0142216027158179,0.000000330578424492661,0.00000618284448697642,0.0130909278358204,0.0142216027158179,0.0133535507,upbit-ssx-btc-spot
2024-02-03,0.0142440913342398,0.000000330065211264003,0.00000617642218284387,0.0132012672786624,0.0142440913342398,0.014225256666666665,gate.io-ssx-usdt-spot
2024-02-04,0.0144414065555836,0.000000335984347359435,0.00000629293689516371,0.0133952272818008,0.0144414065555836,0.014388266413443701,gate.io-ssx-usdt-spot
2024-02-05,0.014123854023473,0.00000033173049109109,0.00000617422075064361,0.0131159209283423,0.014123854023473,0.014048799600000002,upbit-ssx-btc-spot
2024-02-06,0.0141860532633116,0.000000332855345498619,0.00000617645551171873,0.0132158226867117,0.0141860532633116,0.014063958003872749,gate.io-ssx-usdt-spot
2024-02-07,0.0141184931762886,0.000000327554680442676,0.00000594653721042176,0.0131245096343048,0.0141184931762886,0.014029505194442094,gate.io-ssx-usdt-spot
2024-02-08,0.0142130308813093,0.000000321176434883203,0.00000586177277740273,0.013189964420791,0.0142130308813093,0.01414928831590388,gate.io-ssx-usdt-spot
2024-02-09,0.0140411538907893,0.000000309739820154389,0.00000579760366552242,0.0130357402714442,0.0140411538907893,0.014064631960685945,gate.io-ssx-usdt-spot
2024-02-10,0.0139970415193325,0.000000296692274931613,0.00000561951701861655,0.0129692693688024,0.0139970415193325,0.014047704957622928,gate.io-ssx-usdt-spot
2024-02-11,0.0140439860445986,0.000000293850903853469,0.00000561641195862042,0.0129903460577613,0.0140439860445986,0.014015720800558186,gate.io-ssx-usdt-spot
2024-02-12,0.0142297408337971,0.000000295217947531869,0.00000568173468751142,0.0131509412505166,0.0142297408337971,0.01409293023621917,gate.io-ssx-usdt-spot
2024-02-13,0.0139285320764105,0.000000278627460819615,0.00000524646025350003,0.0129191230621266,0.0139285320764105,0.013926528616507183,gate.io-ssx-usdt-spot
2024-02-14,0.013894285708035,0.000000279968150000807,0.00000526620549816538,0.0129717678117751,0.013894285708035,0.013888128149167255,gate.io-ssx-usdt-spot
2024-02-15,0.0142965687159443,0.000000275759739614649,0.00000514377563013644,0.0133336249302899,0.0142965687159443,0.014396744443772756,gate.io-ssx-usdt-spot
2024-02-16,0.0146429239074387,0.000000281924611221188,0.00000518256839875672,0.0135955545976836,0.0146429239074387,0.014636393211223966,gate.io-ssx-usdt-spot
2024-02-17,0.0140234984022892,0.00000026886926794376,0.0000050035422354846,0.0130199944030574,0.0140234984022892,0.014020358841618591,gate.io-ssx-usdt-spot
2024-02-18,0.0170339468741031,0.000000329637301908255,0.00000611270086041343,0.0158208778763013,0.0170339468741031,0.017704948189799122,gate.io-ssx-usdt-spot
2024-02-19,0.0146191619452129,0.000000280339492465201,0.00000508098081405731,0.0135674309263769,0.0146191619452129,0.014683950988349442,gate.io-ssx-usdt-spot
2024-02-20,0.0139456074974113,0.000000269195250441208,0.00000472969664834832,0.0129417193040237,0.0139456074974113,0.013952084224680642,gate.io-ssx-usdt-spot
2024-02-21,0.0139082472237216,0.000000265891127283769,0.00000461435470967563,0.0128735414412965,0.0139082472237216,0.013914980137324189,gate.io-ssx-usdt-spot
2024-02-22,0.0138349706307007,0.00000026737176461669,0.00000466605829649829,0.0127968609710928,0.0138349706307007,0.013850010681638958,gate.io-ssx-usdt-spot
2024-02-23,0.0139811589964399,0.000000272577991468785,0.00000470352467757173,0.0129190142821589,0.0139811589964399,0.01395211935637382,gate.io-ssx-usdt-spot
2024-02-24,0.0140885544363022,0.00000027739303235542,0.0000048195537904717,0.0130209984725373,0.0140885544363022,0.015168191999999999,upbit-ssx-btc-spot
2024-02-25,0.0140500845958133,0.000000272403361971962,0.00000469880883531758,0.0129819165107805,0.0140500845958133,0.014030625753734715,gate.io-ssx-usdt-spot
2024-02-26,0.0142605379916743,0.000000275584702116149,0.00000458283006719353,0.0131765402383241,0.0142605379916743,0.014292020041058789,gate.io-ssx-usdt-spot
2024-02-27,0.0139740881280302,0.000000256161693815994,0.00000440007859457692,0.012862456971381,0.0139740881280302,0.014044461411509742,gate.io-ssx-usdt-spot
2024-02-28,0.0125891727092158,0.000000220669542078569,0.00000388033881649685,0.0116045402449609,0.0125891727092158,0.0051298704,upbit-ssx-btc-spot
2024-02-29,0.0123410398043071,0.000000197580747231684,0.00000365487031351381,0.0113536381207229,0.0123410398043071,0.0112596498,upbit-ssx-btc-spot
2024-03-01,0.0138734910302776,0.000000225971827114288,0.00000414104840525075,0.0127715866699834,0.0138734910302776,0.016570396799999998,upbit-ssx-btc-spot
2024-03-02,0.0145231697034861,0.000000232280026380388,0.00000422407703453183,0.0133975953720998,0.0145231697034861,0.015031943550006756,upbit-ssx-btc-spot
2024-03-03,0.0111719043610311,0.000000180047925189947,0.00000326631445156921,0.0103081071951925,0.0111719043610311,0.0105569507,upbit-ssx-btc-spot
2024-03-04,0.0143887860607741,0.000000228424457948155,0.00000413176009216714,0.0132711469626723,0.0143887860607741,0.014447990153081873,gate.io-ssx-usdt-spot
2024-03-05,0.0138769002900626,0.000000203796821023663,0.00000382206856903912,0.0127675214669006,0.0138769002900626,0.012306970799999999,upbit-ssx-btc-spot
2024-03-06,0.0143920526534684,0.000000225049799110623,0.00000405073296853704,0.0132658187190969,0.0143920526534684,0.014488127227800438,gate.io-ssx-usdt-spot
2024-03-07,0.0145219498142755,0.000000219684300307971,0.00000380079709253704,0.0133318970551288,0.0145219498142755,0.014960406132251846,gate.io-ssx-usdt-spot
2024-03-08,0.0146178898621824,0.000000217948519864897,0.00000377851303516037,0.0133552040889372,0.0146178898621824,0.014515756368636805,gate.io-ssx-usdt-spot
2024-03-09,0.0151668531274735,0.000000221920232714826,0.00000389351209740715,0.0138730235626476,0.0151668531274735,0.010251564,upbit-ssx-btc-spot
2024-03-10,0.0102774377555085,0.000000150030100426356,0.0000026256818408968,0.00939443794553187,0.0102774377555085,0.010278915,upbit-ssx-btc-spot
2024-03-11,0.0157751648153485,0.000000229016394042958,0.00000407384527092647,0.0144240143725228,0.0157751648153485,0.0089715392,upbit-ssx-btc-spot
2024-03-12,0.0150212294975575,0.00000020805578112362,0.00000368808870294826,0.0136372436429805,0.0150212294975575,0.01500629734454341,gate.io-ssx-usdt-spot
2024-03-13,0.0173936592962522,0.000000243497059537579,0.00000438006526978046,0.0159260900586929,0.0173936592962522,0.017466451144727713,gate.io-ssx-usdt-spot
2024-03-14,0.0190641779025255,0.000000260861614796379,0.00000476057234970036,0.0174215283275449,0.0190641779025255,0.0190339655607226,gate.io-ssx-usdt-spot
2024-03-15,0.0193986583469636,0.000000271289900145064,0.00000499592552054179,0.0178421462006287,0.0193986583469636,0.019362665713434726,gate.io-ssx-usdt-spot
2024-03-16,0.0195063567737034,0.000000280970556541693,0.00000521990127300609,0.0179508305502026,0.0195063567737034,0.019505195609101814,gate.io-ssx-usdt-spot
2024-03-17,0.0194343530940934,0.000000297008398879392,0.00000552194029712275,0.0178844318474882,0.0194343530940934,0.019432152957775912,gate.io-ssx-usdt-spot
2024-03-18,0.0192168601832539,0.000000281421030814468,0.00000528160244836259,0.017692823273139,0.0192168601832539,0.019206451828689797,gate.io-ssx-usdt-spot
2024-03-19,0.0191583756080836,0.000000282693300775169,0.00000542738001137693,0.0176416676917628,0.0191583756080836,0.01918083988426531,gate.io-ssx-usdt-spot
2024-03-20,0.0160233027793194,0.000000258568369012656,0.00000506132355636286,0.0147629107327358,0.0160233027793194,0.016012801161645766,gate.io-ssx-usdt-spot
2024-03-21,0.0153823761545981,0.000000226717836203893,0.00000437114477255909,0.0140960198243381,0.0153823761545981,0.015387397280655234,gate.io-ssx-usdt-spot
2024-03-22,0.0153647914139126,0.000000234739186464277,0.00000440309567302083,0.0141603629831804,0.0153647914139126,0.015361153427509294,gate.io-ssx-usdt-spot
2024-03-23,0.0153647914139126,0.000000242016728662539,0.00000463233511730403,0.0142274680504625,0.0153647914139126,0.015361153427509294,gate.io-ssx-usdt-spot
2024-03-24,0.0153647914139126,0.00000023872738810615,0.00000458005448201966,0.0142306770984417,0.0153647914139126,0.015361153427509294,gate.io-ssx-usdt-spot
2024-03-25,0.0153647914139126,0.000000228338394283604,0.00000444671513049927,0.0142275266656805,0.0153647914139126,0.015361153427509294,gate.io-ssx-usdt-spot
2024-03-26,0.0153647914139126,0.000000219365336992868,0.00000427280003522078,0.0141561514905227,0.0153647914139126,0.015361153427509294,gate.io-ssx-usdt-spot
2024-03-27,0.0153647914139126,0.000000219274465342004,0.00000427599670798061,0.0141939953250819,0.0153647914139126,0.015361153427509294,gate.io-ssx-usdt-spot
2024-03-28,0.0153647914139126,0.000000221816946663602,0.00000439203301133408,0.0142269762844861,0.0153647914139126,0.015361153427509294,gate.io-ssx-usdt-spot
